date,股票代码,open,close,high,low,volume,amount,振幅,涨跌幅,涨跌额,换手率
2020-01-02,000333,44.31,45.4,45.54,44.06,346226,2050141328.0,3.37,3.42,1.5,0.51
2020-01-03,000333,45.55,43.91,45.61,43.83,270043,1587220592.0,3.92,-3.28,-1.49,0.4
2020-01-06,000333,43.45,42.85,43.85,41.65,288425,1656276944.0,5.01,-2.41,-1.06,0.42
2020-01-07,000333,43.05,43.7,43.86,42.85,225265,1304633776.0,2.36,1.98,0.85,0.33
2020-01-08,000333,43.16,43.93,44.63,43.02,253210,1471083456.0,3.68,0.53,0.23,0.37
2020-01-09,000333,44.45,45.1,45.38,44.15,296354,1757281376.0,2.8,2.66,1.17,0.44
2020-01-10,000333,45.62,45.64,46.14,45.1,280706,1683152336.0,2.31,1.2,0.54,0.41
2020-01-13,000333,46.15,45.76,46.31,45.15,279512,1678723648.0,2.54,0.26,0.12,0.41
2020-01-14,000333,46.15,45.53,46.45,45.37,162500,976486528.0,2.36,-0.5,-0.23,0.24
2020-01-15,000333,45.55,45.15,45.65,44.53,214900,1272651584.0,2.46,-0.83,-0.38,0.32
2020-01-16,000333,45.65,45.31,45.71,44.88,199814,1192330864.0,1.84,0.35,0.16,0.29
2020-01-17,000333,45.64,45.96,46.65,45.14,217133,1312054704.0,3.33,1.43,0.65,0.32
2020-01-20,000333,46.45,45.85,46.61,45.48,201911,1217493008.0,2.46,-0.24,-0.11,0.3
2020-01-21,000333,45.35,43.75,45.41,43.68,276432,1617441936.0,3.77,-4.58,-2.1,0.41
2020-01-22,000333,43.17,43.13,43.61,41.65,411606,2335993232.0,4.48,-1.42,-0.62,0.6
2020-01-23,000333,41.75,40.75,42.39,40.65,596537,3313820976.0,4.03,-5.52,-2.38,0.88
2020-02-03,000333,35.24,35.84,38.24,35.24,705067,3565939360.0,7.36,-12.05,-4.91,1.04
2020-02-04,000333,35.95,38.44,38.47,35.95,404131,2097010016.0,7.03,7.25,2.6,0.59
2020-02-05,000333,38.57,38.52,39.12,38.1,348950,1848774208.0,2.65,0.21,0.08,0.51
2020-02-06,000333,38.52,39.44,39.61,38.01,393668,2086495952.0,4.15,2.39,0.92,0.58
2020-02-07,000333,39.15,38.48,39.18,37.85,344090,1811882960.0,3.37,-2.43,-0.96,0.51
2020-02-10,000333,37.95,37.95,38.43,37.37,346048,1804543408.0,2.75,-1.38,-0.53,0.51
2020-02-11,000333,38.84,40.33,40.64,38.45,493882,2684341232.0,5.77,6.27,2.38,0.72
2020-02-12,000333,40.22,40.54,41.01,39.67,234338,1284759456.0,3.32,0.52,0.21,0.34
2020-02-13,000333,40.21,39.45,40.23,39.15,319307,1723256896.0,2.66,-2.69,-1.09,0.47
2020-02-14,000333,39.15,39.39,39.61,38.83,210044,1125281552.0,1.98,-0.15,-0.06,0.31
2020-02-17,000333,38.99,40.05,40.07,38.89,325053,1751927712.0,3.0,1.68,0.66,0.48
2020-02-18,000333,40.05,39.18,40.05,38.97,332035,1783036928.0,2.7,-2.17,-0.87,0.49
2020-02-19,000333,39.01,39.19,39.52,38.82,237329,1270519680.0,1.79,0.03,0.01,0.35
2020-02-20,000333,39.35,40.51,40.63,38.97,370412,2013322144.0,4.24,3.37,1.32,0.54
2020-02-21,000333,40.15,39.93,40.47,39.67,297799,1616397376.0,1.97,-1.43,-0.58,0.44
2020-02-24,000333,41.01,40.56,41.02,40.1,407824,2243496144.0,2.3,1.58,0.63,0.6
2020-02-25,000333,39.65,40.08,40.11,39.45,315462,1706738496.0,1.63,-1.18,-0.48,0.46
2020-02-26,000333,39.35,39.95,40.97,38.86,387240,2107804640.0,5.26,-0.32,-0.13,0.57
2020-02-27,000333,39.95,40.56,40.85,39.86,284935,1563743472.0,2.48,1.53,0.61,0.42
2020-02-28,000333,39.53,38.7,39.83,38.44,334057,1788324816.0,3.43,-4.59,-1.86,0.49
2020-03-02,000333,38.7,39.99,40.4,38.7,318934,1725854576.0,4.39,3.33,1.29,0.47
2020-03-03,000333,40.16,40.15,40.65,39.62,264999,1441435072.0,2.58,0.4,0.16,0.39
2020-03-04,000333,39.65,39.9,40.09,39.26,239084,1290728832.0,2.07,-0.62,-0.25,0.35
2020-03-05,000333,40.2,42.19,42.45,40.0,575718,3214972960.0,6.14,5.74,2.29,0.84
2020-03-06,000333,41.47,41.45,41.95,41.19,280243,1565438000.0,1.8,-1.75,-0.74,0.41
2020-03-09,000333,40.05,39.54,40.12,39.46,356343,1925269104.0,1.59,-4.61,-1.91,0.52
2020-03-10,000333,39.54,40.97,41.33,39.54,375632,2061033024.0,4.53,3.62,1.43,0.55
2020-03-11,000333,40.77,40.12,40.97,40.11,192607,1053884400.0,2.1,-2.07,-0.85,0.28
2020-03-12,000333,39.5,38.82,39.52,38.53,344055,1833239648.0,2.47,-3.24,-1.3,0.5
2020-03-13,000333,36.52,37.55,38.61,35.72,452084,2323212176.0,7.44,-3.27,-1.27,0.66
2020-03-16,000333,37.85,35.75,37.92,35.65,396679,2019157776.0,6.05,-4.79,-1.8,0.58
2020-03-17,000333,35.27,34.65,36.95,34.22,477082,2365286576.0,7.64,-3.08,-1.1,0.7
2020-03-18,000333,35.35,35.35,37.54,35.23,586059,2974941632.0,6.67,2.02,0.7,0.86
2020-03-19,000333,36.0,34.25,36.25,33.15,554869,2708244368.0,8.77,-3.11,-1.1,0.81
2020-03-20,000333,34.9,34.7,35.38,34.15,367067,1803574240.0,3.59,1.31,0.45,0.54
2020-03-23,000333,33.15,32.15,33.63,31.95,477036,2237270208.0,4.84,-7.35,-2.55,0.7
2020-03-24,000333,33.0,33.64,33.9,32.56,419576,2000208160.0,4.17,4.63,1.49,0.61
2020-03-25,000333,35.15,35.14,35.81,34.51,390113,1934918464.0,3.86,4.46,1.5,0.57
2020-03-26,000333,35.05,34.65,35.42,34.49,232484,1145809968.0,2.65,-1.39,-0.49,0.34
2020-03-27,000333,35.65,35.1,36.1,35.03,260154,1296483248.0,3.09,1.3,0.45,0.38
2020-03-30,000333,34.45,33.74,34.45,33.15,370522,1778812496.0,3.7,-3.87,-1.36,0.54
2020-03-31,000333,34.41,34.07,35.0,33.99,225253,1098690176.0,2.99,0.98,0.33,0.33
2020-04-01,000333,34.6,34.23,34.97,33.7,234391,1141225440.0,3.73,0.47,0.16,0.34
2020-04-02,000333,33.82,34.61,34.65,33.45,235144,1135456592.0,3.51,1.11,0.38,0.34
2020-04-03,000333,34.45,34.03,34.71,33.86,196382,953656656.0,2.46,-1.68,-0.58,0.29
2020-04-07,000333,34.86,34.62,35.05,34.35,400486,1962977184.0,2.06,1.73,0.59,0.59
2020-04-08,000333,34.25,33.89,34.38,33.71,244268,1182191600.0,1.94,-2.11,-0.73,0.36
2020-04-09,000333,34.17,33.95,34.2,33.76,171399,828409216.0,1.3,0.18,0.06,0.25
2020-04-10,000333,33.95,34.93,36.21,33.69,412461,2043406848.0,7.42,2.89,0.98,0.6
2020-04-13,000333,35.24,35.54,36.23,34.95,310765,1555138944.0,3.66,1.75,0.61,0.46
2020-04-14,000333,36.32,36.13,36.35,35.25,307942,1550039696.0,3.1,1.66,0.59,0.45
2020-04-15,000333,35.65,35.85,36.93,34.85,395915,1989237120.0,5.76,-0.77,-0.28,0.58
2020-04-16,000333,35.85,35.14,35.85,34.92,279294,1385041872.0,2.59,-1.98,-0.71,0.41
2020-04-17,000333,35.65,35.74,35.96,35.25,352499,1761719072.0,2.02,1.71,0.6,0.52
2020-04-20,000333,35.94,36.38,36.63,35.66,208857,1058635856.0,2.71,1.79,0.64,0.31
2020-04-21,000333,36.64,35.9,36.65,35.65,209713,1056179840.0,2.75,-1.32,-0.48,0.31
2020-04-22,000333,35.85,37.05,37.12,35.64,207637,1056618272.0,4.12,3.2,1.15,0.3
2020-04-23,000333,37.34,37.64,38.04,36.96,271166,1408264464.0,2.91,1.59,0.59,0.4
2020-04-24,000333,37.69,37.66,37.95,37.36,133416,693211312.0,1.57,0.05,0.02,0.2
2020-04-27,000333,36.92,37.15,37.89,36.5,215235,1108515152.0,3.69,-1.35,-0.51,0.32
2020-04-28,000333,37.15,37.44,37.59,36.4,251835,1297098144.0,3.2,0.78,0.29,0.37
2020-04-29,000333,37.05,37.9,38.42,36.8,206235,1072765104.0,4.33,1.23,0.46,0.3
2020-04-30,000333,38.95,39.4,39.81,38.95,340323,1831860880.0,2.27,3.96,1.5,0.5
2020-05-06,000333,38.65,39.85,39.85,38.35,328565,1765766096.0,3.81,1.14,0.45,0.48
2020-05-07,000333,39.84,39.65,40.1,39.49,213755,1156808784.0,1.53,-0.5,-0.2,0.31
2020-05-08,000333,40.13,41.98,42.13,39.88,409621,2296022240.0,5.67,5.88,2.33,0.6
2020-05-11,000333,42.24,42.56,44.15,42.07,379598,2188821584.0,4.95,1.38,0.58,0.56
2020-05-12,000333,43.15,43.65,44.03,42.68,286034,1655218896.0,3.17,2.56,1.09,0.42
2020-05-13,000333,43.25,43.4,43.65,42.56,219386,1260866624.0,2.5,-0.57,-0.25,0.32
2020-05-14,000333,43.4,43.65,43.95,43.16,180020,1044096208.0,1.82,0.58,0.25,0.26
2020-05-15,000333,43.65,42.6,43.75,42.52,233617,1338687936.0,2.82,-2.41,-1.05,0.34
2020-05-18,000333,43.15,43.14,43.85,42.28,261775,1505218944.0,3.69,1.27,0.54,0.38
2020-05-19,000333,44.05,44.41,44.85,43.65,278551,1638536816.0,2.78,2.94,1.27,0.41
2020-05-20,000333,44.18,44.68,44.75,44.17,190615,1123661200.0,1.31,0.61,0.27,0.28
2020-05-21,000333,45.2,44.37,45.29,44.01,149135,876854208.0,2.86,-0.69,-0.31,0.22
2020-05-22,000333,44.09,42.77,44.2,42.26,260862,1493147024.0,4.37,-3.61,-1.6,0.38
2020-05-25,000333,43.95,42.49,44.04,41.79,159445,905625792.0,5.26,-0.65,-0.28,0.23
2020-05-26,000333,42.95,43.65,43.9,42.42,184308,1061005408.0,3.48,2.73,1.16,0.27
2020-05-27,000333,43.9,43.9,45.03,43.54,258065,1517718672.0,3.41,0.57,0.25,0.38
2020-05-28,000333,44.82,43.8,45.02,43.48,206031,1207714976.0,3.51,-0.23,-0.1,0.3
2020-05-29,000333,43.64,44.67,44.9,43.64,182549,1073961440.0,2.88,1.99,0.87,0.27
2020-06-01,000333,44.95,46.07,46.13,44.95,294803,1776563600.0,2.64,3.13,1.4,0.43
2020-06-02,000333,46.91,45.95,46.91,45.8,206805,1218477904.0,2.41,-0.26,-0.12,0.3
2020-06-03,000333,46.4,45.58,46.62,45.16,180929,1059003040.0,3.18,-0.81,-0.37,0.27
2020-06-04,000333,46.1,46.1,47.15,45.96,140258,827157600.0,2.61,1.14,0.52,0.21
2020-06-05,000333,46.24,46.2,46.43,45.85,127259,749286688.0,1.26,0.22,0.1,0.19
2020-06-08,000333,46.65,47.41,48.81,46.28,359440,2180630896.0,5.48,2.62,1.21,0.53
2020-06-09,000333,47.8,47.91,48.68,47.53,240135,1463794176.0,2.43,1.05,0.5,0.35
2020-06-10,000333,48.33,47.57,48.46,47.43,190148,1153412208.0,2.15,-0.71,-0.34,0.28
2020-06-11,000333,47.6,46.91,47.86,46.35,201377,1204181856.0,3.17,-1.39,-0.66,0.29
2020-06-12,000333,45.95,47.23,47.25,45.75,185190,1097620784.0,3.2,0.68,0.32,0.27
2020-06-15,000333,46.34,45.25,46.68,45.25,320004,1872474032.0,3.03,-4.19,-1.98,0.47
2020-06-16,000333,45.94,46.25,46.55,45.84,183088,1077626688.0,1.57,2.21,1.0,0.27
2020-06-17,000333,46.06,45.15,46.13,44.9,221283,1285597248.0,2.66,-2.38,-1.1,0.32
2020-06-18,000333,45.1,45.1,45.24,44.41,267225,1537168000.0,1.84,-0.11,-0.05,0.39
2020-06-19,000333,45.1,47.02,47.23,45.1,324280,1923447888.0,4.72,4.26,1.92,0.47
2020-06-22,000333,46.85,46.34,47.2,46.17,219797,1306914544.0,2.19,-1.45,-0.68,0.32
2020-06-23,000333,46.11,46.25,46.71,45.73,181146,1068928528.0,2.11,-0.19,-0.09,0.26
2020-06-24,000333,46.45,46.95,47.43,46.34,200320,1194505232.0,2.36,1.51,0.7,0.29
2020-06-29,000333,46.95,47.2,47.25,45.96,261061,1557837552.0,2.75,0.53,0.25,0.38
2020-06-30,000333,47.25,47.04,48.25,46.75,261252,1577689216.0,3.18,-0.34,-0.16,0.38
2020-07-01,000333,46.95,49.69,49.74,46.17,442610,2719438560.0,7.59,5.63,2.65,0.65
2020-07-02,000333,49.06,50.2,50.67,48.86,435262,2715825424.0,3.64,1.03,0.51,0.63
2020-07-03,000333,50.35,49.64,51.2,49.08,340798,2137708208.0,4.22,-1.12,-0.56,0.5
2020-07-06,000333,50.06,51.28,52.24,49.76,599258,3811821936.0,5.0,3.3,1.64,0.87
2020-07-07,000333,51.39,51.63,54.8,51.35,490390,3224341184.0,6.73,0.68,0.35,0.72
2020-07-08,000333,51.55,51.23,52.55,50.51,284820,1818108352.0,3.95,-0.77,-0.4,0.42
2020-07-09,000333,51.25,52.23,52.25,50.25,312281,1993727712.0,3.9,1.95,1.0,0.46
2020-07-10,000333,51.75,50.65,51.77,50.45,273297,1741014720.0,2.53,-3.03,-1.58,0.4
2020-07-13,000333,50.17,50.5,51.35,50.09,344679,2186339088.0,2.49,-0.3,-0.15,0.5
2020-07-14,000333,51.11,49.09,51.12,48.44,382960,2377225472.0,5.31,-2.79,-1.41,0.56
2020-07-15,000333,49.14,50.23,51.25,49.1,436949,2750957936.0,4.38,2.32,1.14,0.64
2020-07-16,000333,50.25,48.39,51.74,48.34,369589,2326871248.0,6.77,-3.66,-1.84,0.54
2020-07-17,000333,48.05,51.15,51.67,47.97,360876,2269485712.0,7.65,5.7,2.76,0.53
2020-07-20,000333,51.15,54.63,54.93,50.53,600694,3970335088.0,8.6,6.8,3.48,0.88
2020-07-21,000333,54.25,54.6,55.17,53.32,328747,2206459248.0,3.39,-0.05,-0.03,0.48
2020-07-22,000333,54.05,54.6,55.23,53.56,303898,2045490784.0,3.06,0.0,0.0,0.44
2020-07-23,000333,53.75,57.44,57.72,53.61,487159,3361999488.0,7.53,5.2,2.84,0.71
2020-07-24,000333,56.42,53.75,57.4,53.25,409256,2781427888.0,7.22,-6.42,-3.69,0.6
2020-07-27,000333,54.86,54.43,55.05,52.05,273029,1806012288.0,5.58,1.27,0.68,0.4
2020-07-28,000333,54.43,54.36,55.79,53.87,234103,1580820576.0,3.53,-0.13,-0.07,0.34
2020-07-29,000333,54.6,58.88,59.25,54.6,460542,3268094880.0,8.55,8.31,4.52,0.67
2020-07-30,000333,58.85,58.22,59.55,57.5,194808,1385613248.0,3.48,-1.12,-0.66,0.28
2020-07-31,000333,57.83,59.0,61.0,57.32,293575,2117686416.0,6.32,1.34,0.78,0.43
2020-08-03,000333,59.25,59.74,61.99,59.06,343310,2510509104.0,4.97,1.25,0.74,0.5
2020-08-04,000333,59.25,59.3,59.53,57.58,292271,2081709104.0,3.26,-0.74,-0.44,0.43
2020-08-05,000333,58.25,58.65,59.65,58.05,191118,1362330032.0,2.7,-1.1,-0.65,0.28
2020-08-06,000333,58.25,57.85,59.05,57.29,218735,1545541040.0,3.0,-1.36,-0.8,0.32
2020-08-07,000333,57.63,57.8,58.36,56.1,254144,1782876112.0,3.91,-0.09,-0.05,0.37
2020-08-10,000333,57.45,59.25,59.65,56.55,241055,1710556592.0,5.36,2.51,1.45,0.35
2020-08-11,000333,59.4,58.55,60.74,58.43,205681,1492137504.0,3.9,-1.18,-0.7,0.3
2020-08-12,000333,57.91,56.91,58.86,56.42,289738,2027499312.0,4.17,-2.8,-1.64,0.42
2020-08-13,000333,57.06,57.26,58.33,57.03,130645,917532048.0,2.28,0.62,0.35,0.19
2020-08-14,000333,57.25,59.29,59.32,56.98,161197,1148282704.0,4.09,3.55,2.03,0.24
2020-08-17,000333,59.65,59.38,61.05,58.65,245172,1785517680.0,4.05,0.15,0.09,0.36
2020-08-18,000333,59.39,59.05,59.99,58.31,193015,1382264208.0,2.83,-0.56,-0.33,0.28
2020-08-19,000333,58.95,57.37,59.55,57.25,253273,1791352688.0,3.9,-2.85,-1.68,0.37
2020-08-20,000333,57.05,56.29,57.34,55.9,219076,1513934320.0,2.51,-1.88,-1.08,0.32
2020-08-21,000333,56.4,56.63,57.13,56.1,126456,876813904.0,1.83,0.6,0.34,0.18
2020-08-24,000333,56.55,57.62,57.64,56.41,174279,1215646640.0,2.17,1.75,0.99,0.25
2020-08-25,000333,57.6,57.23,57.65,56.79,179318,1254921568.0,1.49,-0.68,-0.39,0.26
2020-08-26,000333,57.23,56.54,58.65,55.9,237702,1661357456.0,4.81,-1.21,-0.69,0.35
2020-08-27,000333,56.55,55.24,57.1,54.34,342932,2327750656.0,4.88,-2.3,-1.3,0.5
2020-08-28,000333,54.65,57.53,57.77,54.35,323186,2228514544.0,6.19,4.15,2.29,0.47
2020-08-31,000333,58.28,57.79,60.74,57.78,258683,1852443296.0,5.15,0.45,0.26,0.38
2020-09-01,000333,57.81,58.95,59.47,57.8,205477,1468837504.0,2.89,2.01,1.16,0.3
2020-09-02,000333,59.25,58.18,59.74,57.63,183108,1304982304.0,3.58,-1.31,-0.77,0.27
2020-09-03,000333,58.25,58.18,60.23,57.97,325309,2340687056.0,3.88,0.0,0.0,0.48
2020-09-04,000333,56.75,56.04,57.13,55.45,359336,2474691328.0,2.89,-3.68,-2.14,0.53
2020-09-07,000333,55.35,53.95,55.92,53.74,442226,2971282416.0,3.89,-3.73,-2.09,0.65
2020-09-08,000333,53.95,54.13,54.25,52.89,263509,1747654432.0,2.52,0.33,0.18,0.39
2020-09-09,000333,53.25,52.11,53.83,51.98,284542,1861646752.0,3.42,-3.73,-2.02,0.42
2020-09-10,000333,52.76,53.15,53.46,52.16,210302,1381763376.0,2.49,2.0,1.04,0.31
2020-09-11,000333,52.75,53.43,54.05,51.83,215127,1421649984.0,4.18,0.53,0.28,0.31
2020-09-14,000333,53.53,55.25,55.5,53.45,217393,1469293456.0,3.84,3.41,1.82,0.32
2020-09-15,000333,55.77,57.67,58.02,55.71,290016,2033590880.0,4.18,4.38,2.42,0.42
2020-09-16,000333,57.54,56.91,59.23,56.45,291213,2060063616.0,4.82,-1.32,-0.76,0.43
2020-09-17,000333,57.05,57.85,58.25,56.56,274435,1932446432.0,2.97,1.65,0.94,0.4
2020-09-18,000333,58.37,57.53,58.58,57.29,217515,1538451552.0,2.23,-0.55,-0.32,0.32
2020-09-21,000333,57.5,57.28,58.41,56.66,165610,1164163888.0,3.04,-0.43,-0.25,0.24
2020-09-22,000333,56.75,57.14,57.81,56.71,139967,978793360.0,1.92,-0.24,-0.14,0.2
2020-09-23,000333,57.26,58.32,58.61,56.73,171445,1211864656.0,3.29,2.07,1.18,0.25
2020-09-24,000333,57.81,57.71,58.2,56.92,200758,1410207328.0,2.19,-1.05,-0.61,0.29
2020-09-25,000333,57.9,57.55,59.02,57.33,120815,855869344.0,2.93,-0.28,-0.16,0.18
2020-09-28,000333,57.55,58.15,58.75,57.21,173937,1235538592.0,2.68,1.04,0.6,0.25
2020-09-29,000333,58.25,59.7,60.15,58.25,233914,1692268560.0,3.27,2.67,1.55,0.34
2020-09-30,000333,60.15,59.85,60.88,59.53,221337,1618394624.0,2.26,0.25,0.15,0.32
2020-10-09,000333,60.31,60.64,61.41,60.26,251587,1853607136.0,1.92,1.32,0.79,0.37
2020-10-12,000333,59.85,61.23,61.23,59.55,263256,1930035648.0,2.77,0.97,0.59,0.38
2020-10-13,000333,61.23,63.14,63.2,60.69,255775,1920061024.0,4.1,3.12,1.91,0.37
2020-10-14,000333,62.35,62.5,63.72,62.05,196134,1478023728.0,2.64,-1.01,-0.64,0.29
2020-10-15,000333,62.28,63.35,64.21,62.03,192110,1462783200.0,3.49,1.36,0.85,0.28
2020-10-16,000333,62.95,62.05,63.63,61.95,145917,1096650304.0,2.65,-2.05,-1.3,0.21
2020-10-19,000333,62.07,62.25,64.4,61.76,177792,1345916768.0,4.25,0.32,0.2,0.26
2020-10-20,000333,61.76,63.55,64.23,61.76,154354,1175374816.0,3.97,2.09,1.3,0.23
2020-10-21,000333,63.13,64.75,65.3,63.13,213889,1651445120.0,3.41,1.89,1.2,0.31
2020-10-22,000333,64.55,65.65,65.81,63.45,156502,1213225344.0,3.64,1.39,0.9,0.23
2020-10-23,000333,65.0,62.36,65.5,62.35,181233,1388457536.0,4.8,-5.01,-3.29,0.26
2020-10-26,000333,62.23,63.91,64.05,60.85,165905,1253614096.0,5.13,2.49,1.55,0.24
2020-10-27,000333,63.35,62.96,64.04,62.64,156921,1194229488.0,2.19,-1.49,-0.95,0.23
2020-10-28,000333,63.01,63.96,64.75,62.88,187216,1439052208.0,2.97,1.59,1.0,0.27
2020-10-29,000333,63.25,68.43,69.14,63.05,377794,3012418000.0,9.52,6.99,4.47,0.55
2020-10-30,000333,69.3,65.12,69.75,64.8,328417,2596624768.0,7.23,-4.84,-3.31,0.48
2020-11-02,000333,66.26,70.65,72.25,66.25,522253,4312907520.0,9.21,8.49,5.53,0.76
2020-11-03,000333,70.66,69.8,70.7,68.15,351575,2886059072.0,3.61,-1.2,-0.85,0.51
2020-11-04,000333,69.85,72.91,74.13,69.45,389583,3330212464.0,6.7,4.46,3.11,0.57
2020-11-05,000333,73.3,73.36,75.75,72.29,356240,3083809648.0,4.75,0.62,0.45,0.52
2020-11-06,000333,73.38,77.39,78.55,72.38,468036,4177205856.0,8.41,5.49,4.03,0.68
2020-11-09,000333,77.71,77.97,81.71,76.68,470786,4296715776.0,6.5,0.75,0.58,0.69
2020-11-10,000333,76.95,76.91,76.97,73.76,352383,3113825056.0,4.12,-1.36,-1.06,0.51
2020-11-11,000333,75.45,75.35,77.02,73.93,341980,3021631440.0,4.02,-2.03,-1.56,0.5
2020-11-12,000333,77.75,77.85,78.04,75.48,282238,2536913936.0,3.4,3.32,2.5,0.41
2020-11-13,000333,77.55,77.77,77.81,76.04,216052,1936924432.0,2.27,-0.1,-0.08,0.32
2020-11-16,000333,78.75,76.61,79.05,74.31,372724,3320826096.0,6.09,-1.49,-1.16,0.54
2020-11-17,000333,77.05,77.17,78.75,76.62,289689,2613751008.0,2.78,0.73,0.56,0.42
2020-11-18,000333,77.29,76.54,78.8,75.4,229527,2060518096.0,4.41,-0.82,-0.63,0.34
2020-11-19,000333,77.25,81.25,82.57,76.76,413156,3844141232.0,7.59,6.15,4.71,0.6
2020-11-20,000333,81.38,78.84,82.04,78.71,461606,4276105440.0,4.1,-2.97,-2.41,0.67
2020-11-23,000333,77.75,80.72,80.93,76.67,456914,4209477920.0,5.4,2.38,1.88,0.67
2020-11-24,000333,80.67,77.9,80.7,76.26,399669,3622773264.0,5.5,-3.49,-2.82,0.58
2020-11-25,000333,77.9,76.81,78.64,76.1,291595,2615178240.0,3.26,-1.4,-1.09,0.43
2020-11-26,000333,76.25,74.27,76.81,73.26,475096,4132461360.0,4.62,-3.31,-2.54,0.69
2020-11-27,000333,74.71,75.05,76.11,73.79,230373,2020721664.0,3.12,1.05,0.78,0.34
2020-11-30,000333,74.56,74.1,75.75,73.51,299269,2612282352.0,2.98,-1.27,-0.95,0.44
2020-12-01,000333,73.5,75.17,75.25,73.5,236925,2071081952.0,2.36,1.44,1.07,0.35
2020-12-02,000333,76.25,77.16,77.84,75.79,366072,3286902400.0,2.73,2.65,1.99,0.53
2020-12-03,000333,77.04,76.85,77.33,75.46,255520,2276665600.0,2.42,-0.4,-0.31,0.37
2020-12-04,000333,76.07,75.61,76.31,74.42,327226,2876036672.0,2.46,-1.61,-1.24,0.48
2020-12-07,000333,76.13,75.31,76.25,74.77,202285,1786091232.0,1.96,-0.4,-0.3,0.3
2020-12-08,000333,74.77,73.95,75.38,72.7,366900,3164772032.0,3.56,-1.81,-1.36,0.54
2020-12-09,000333,73.26,70.81,73.87,70.75,461126,3893407712.0,4.22,-4.25,-3.14,0.67
2020-12-10,000333,70.75,72.35,72.7,70.75,253001,2144184256.0,2.75,2.17,1.54,0.37
2020-12-11,000333,73.15,71.25,73.15,70.66,225061,1901113984.0,3.44,-1.52,-1.1,0.33
2020-12-14,000333,73.13,71.69,73.25,70.58,262470,2213586000.0,3.75,0.62,0.44,0.38
2020-12-15,000333,72.17,72.98,73.65,70.65,328120,2794791696.0,4.18,1.8,1.29,0.48
2020-12-16,000333,73.36,75.35,76.32,73.18,413021,3638872832.0,4.3,3.25,2.37,0.6
2020-12-17,000333,75.95,76.92,78.03,75.7,316461,2841397968.0,3.09,2.08,1.57,0.46
2020-12-18,000333,76.36,76.55,77.24,75.57,274777,2446471120.0,2.17,-0.48,-0.37,0.4
2020-12-21,000333,76.97,76.06,76.97,74.29,283689,2499704928.0,3.5,-0.64,-0.49,0.41
2020-12-22,000333,75.58,77.0,78.03,74.67,310715,2775989184.0,4.42,1.24,0.94,0.45
2020-12-23,000333,77.23,79.25,80.75,76.78,390547,3606420448.0,5.16,2.92,2.25,0.57
2020-12-24,000333,79.25,80.14,80.14,77.8,197783,1823517280.0,2.95,1.12,0.89,0.29
2020-12-25,000333,79.92,80.83,81.47,78.75,217072,2025214064.0,3.39,0.86,0.69,0.32
2020-12-28,000333,80.73,83.05,84.6,80.66,394786,3781019568.0,4.87,2.75,2.22,0.58
2020-12-29,000333,83.01,82.44,83.04,81.01,216552,2053512080.0,2.44,-0.73,-0.61,0.32
2020-12-30,000333,82.75,83.23,83.85,81.46,231644,2212516048.0,2.9,0.96,0.79,0.34
2020-12-31,000333,83.25,85.69,86.23,83.23,268672,2633031808.0,3.6,2.96,2.46,0.39
2021-01-04,000333,86.15,86.26,89.2,85.28,338827,3379358336.0,4.57,0.67,0.57,0.49
2021-01-05,000333,85.32,88.79,89.19,84.25,351148,3515823440.0,5.73,2.93,2.53,0.51
2021-01-06,000333,90.25,88.21,92.05,86.9,360203,3662399232.0,5.8,-0.65,-0.58,0.52
2021-01-07,000333,89.25,92.07,92.92,88.45,451401,4687111424.0,5.07,4.38,3.86,0.66
2021-01-08,000333,91.25,90.26,91.95,88.5,330690,3409516336.0,3.75,-1.97,-1.81,0.48
2021-01-11,000333,90.45,88.25,91.58,87.25,341892,3506431344.0,4.8,-2.23,-2.01,0.5
2021-01-12,000333,87.56,91.35,91.53,87.56,355296,3670971680.0,4.5,3.51,3.1,0.52
2021-01-13,000333,92.25,90.59,92.96,89.29,343487,3560584736.0,4.02,-0.83,-0.76,0.5
2021-01-14,000333,90.85,86.85,91.64,86.64,373815,3780641248.0,5.52,-4.13,-3.74,0.54
2021-01-15,000333,86.28,86.94,87.42,84.03,357438,3524028272.0,3.9,0.1,0.09,0.52
2021-01-18,000333,86.64,86.37,87.53,84.76,286772,2849767536.0,3.19,-0.66,-0.57,0.42
2021-01-19,000333,86.94,82.1,87.36,81.73,423078,4087923632.0,6.52,-4.94,-4.27,0.62
2021-01-20,000333,83.25,83.53,85.37,82.75,322023,3113133920.0,3.19,1.74,1.43,0.47
2021-01-21,000333,84.49,87.35,88.25,84.24,409302,4074982800.0,4.8,4.57,3.82,0.6
2021-01-22,000333,87.25,87.82,88.78,85.34,307756,3069095088.0,3.94,0.54,0.47,0.45
2021-01-25,000333,88.25,89.23,90.12,85.95,377360,3802697808.0,4.75,1.61,1.41,0.55
2021-01-26,000333,88.25,85.19,88.25,84.35,407670,4006657952.0,4.37,-4.53,-4.04,0.59
2021-01-27,000333,84.34,85.2,87.09,83.63,283269,2781047168.0,4.06,0.01,0.01,0.41
2021-01-28,000333,83.78,82.41,84.24,81.75,310572,2959282880.0,2.92,-3.27,-2.79,0.45
2021-01-29,000333,82.6,83.58,85.04,80.93,372465,3576339184.0,4.99,1.42,1.17,0.54
2021-02-01,000333,83.58,85.45,85.76,81.91,286063,2784442672.0,4.61,2.24,1.87,0.42
2021-02-02,000333,84.65,85.83,87.45,84.65,315444,3125263984.0,3.28,0.44,0.38,0.46
2021-02-03,000333,86.75,84.89,87.65,83.45,323955,3178416768.0,4.89,-1.1,-0.94,0.47
2021-02-04,000333,83.54,83.65,84.84,82.48,364864,3514921392.0,2.78,-1.46,-1.24,0.53
2021-02-05,000333,84.23,84.5,85.62,82.25,372624,3600456016.0,4.03,1.02,0.85,0.54
2021-02-08,000333,84.51,83.91,84.75,81.65,377436,3614401920.0,3.67,-0.7,-0.59,0.55
2021-02-09,000333,84.84,89.15,89.15,84.14,537122,5347054592.0,5.97,6.24,5.24,0.78
2021-02-10,000333,90.17,94.36,95.25,88.75,536799,5641813760.0,7.29,5.84,5.21,0.78
2021-02-18,000333,94.37,85.55,94.61,84.25,940429,9433652480.0,10.98,-9.34,-8.81,1.37
2021-02-19,000333,82.26,85.24,85.58,82.26,693877,6722204928.0,3.88,-0.36,-0.31,1.01
2021-02-22,000333,84.53,77.69,84.53,77.63,903986,8324148736.0,8.09,-8.86,-7.55,1.32
2021-02-23,000333,76.3,78.19,79.25,76.08,604755,5494666752.0,4.08,0.64,0.5,0.88
2021-02-24,000333,83.35,82.27,85.85,80.37,1003546,9587929088.0,7.01,5.22,4.08,1.46
2021-02-25,000333,82.15,81.19,83.04,79.35,416370,3934052800.0,4.49,-1.31,-1.08,0.61
2021-02-26,000333,79.25,80.33,81.74,78.27,601123,5569084672.0,4.27,-1.06,-0.86,0.87
2021-03-01,000333,80.65,80.58,82.55,79.08,370844,3475175712.0,4.32,0.31,0.25,0.54
2021-03-02,000333,82.12,80.77,83.09,79.95,473398,4469317376.0,3.9,0.24,0.19,0.69
2021-03-03,000333,79.98,80.74,80.97,78.75,330592,3072269136.0,2.75,-0.04,-0.03,0.48
2021-03-04,000333,79.47,77.15,79.83,76.69,446348,4041856224.0,3.89,-4.45,-3.59,0.65
2021-03-05,000333,74.82,76.75,77.52,73.28,409487,3626107488.0,5.5,-0.52,-0.4,0.6
2021-03-08,000333,75.75,72.75,76.96,72.69,488293,4260904992.0,5.56,-5.21,-4.0,0.71
2021-03-09,000333,71.9,69.24,72.15,68.95,568963,4741767424.0,4.4,-4.82,-3.51,0.83
2021-03-10,000333,71.25,70.91,71.91,69.3,473168,3942944032.0,3.77,2.41,1.67,0.69
2021-03-11,000333,71.83,73.2,73.75,70.75,408116,3495579072.0,4.23,3.23,2.29,0.59
2021-03-12,000333,73.22,73.21,75.28,72.46,323645,2806048368.0,3.85,0.01,0.01,0.47
2021-03-15,000333,72.06,69.55,72.09,68.25,490514,4035896112.0,5.25,-5.0,-3.66,0.71
2021-03-16,000333,69.66,69.83,70.28,68.8,349261,2877253728.0,2.13,0.4,0.28,0.51
2021-03-17,000333,69.26,71.32,71.53,68.61,370952,3081574544.0,4.18,2.13,1.49,0.54
2021-03-18,000333,72.23,73.96,74.25,72.05,347036,2986372288.0,3.08,3.7,2.64,0.5
2021-03-19,000333,72.25,72.56,73.85,71.64,305292,2610073936.0,2.99,-1.89,-1.4,0.44
2021-03-22,000333,72.24,70.63,72.78,69.55,314093,2620969360.0,4.45,-2.66,-1.93,0.46
2021-03-23,000333,70.63,68.72,70.69,68.32,369696,3027477696.0,3.36,-2.7,-1.91,0.54
2021-03-24,000333,68.75,68.93,69.73,68.51,235368,1923709264.0,1.78,0.31,0.21,0.34
2021-03-25,000333,68.32,67.93,68.75,66.55,247525,1990607888.0,3.19,-1.45,-1.0,0.36
2021-03-26,000333,68.35,69.26,69.75,67.21,310830,2533340704.0,3.74,1.96,1.33,0.45
2021-03-29,000333,69.21,68.72,69.72,68.25,294535,2406536464.0,2.12,-0.78,-0.54,0.43
2021-03-30,000333,69.11,69.72,70.74,68.36,351972,2898062096.0,3.46,1.46,1.0,0.51
2021-03-31,000333,70.05,69.48,70.23,68.5,273525,2245618464.0,2.48,-0.34,-0.24,0.4
2021-04-01,000333,69.25,72.68,73.13,69.05,352045,2987621056.0,5.87,4.61,3.2,0.51
2021-04-02,000333,72.75,74.36,75.75,72.15,291525,2546245040.0,4.95,2.31,1.68,0.42
2021-04-06,000333,74.41,71.63,74.95,71.25,257668,2190978640.0,4.98,-3.67,-2.73,0.37
2021-04-07,000333,71.63,69.97,71.74,69.13,299775,2467818336.0,3.64,-2.32,-1.66,0.44
2021-04-08,000333,69.76,69.93,70.17,69.2,182114,1502128960.0,1.39,-0.06,-0.04,0.26
2021-04-09,000333,70.23,67.7,70.23,67.49,322386,2610503424.0,3.92,-3.19,-2.23,0.47
2021-04-12,000333,67.55,66.55,68.51,66.25,252775,2012933376.0,3.34,-1.7,-1.15,0.37
2021-04-13,000333,66.2,65.94,67.07,65.37,213628,1686748576.0,2.55,-0.92,-0.61,0.31
2021-04-14,000333,66.22,67.38,67.88,66.14,210692,1685738016.0,2.64,2.18,1.44,0.31
2021-04-15,000333,67.38,67.53,68.25,66.21,174453,1393503616.0,3.03,0.22,0.15,0.25
2021-04-16,000333,67.55,67.15,67.85,66.15,153478,1222574464.0,2.52,-0.56,-0.38,0.22
2021-04-19,000333,67.25,68.92,69.36,66.25,267594,2175802608.0,4.63,2.64,1.77,0.39
2021-04-20,000333,68.33,68.23,68.75,67.28,231534,1866628048.0,2.13,-1.0,-0.69,0.34
2021-04-21,000333,67.25,66.85,67.75,66.75,251906,2010416384.0,1.47,-2.02,-1.38,0.37
2021-04-22,000333,66.87,67.5,67.54,66.26,230969,1841507584.0,1.91,0.97,0.65,0.34
2021-04-23,000333,67.67,71.11,71.25,67.51,451416,3741273488.0,5.54,5.35,3.61,0.66
2021-04-26,000333,71.49,67.28,72.25,67.16,418029,3424838080.0,7.16,-5.39,-3.83,0.61
2021-04-27,000333,67.22,67.97,68.88,66.45,190001,1531692784.0,3.61,1.03,0.69,0.28
2021-04-28,000333,68.25,68.8,68.95,67.33,179026,1452688944.0,2.38,1.22,0.83,0.26
2021-04-29,000333,69.31,70.68,71.5,69.12,298160,2474034000.0,3.46,2.73,1.88,0.43
2021-04-30,000333,71.95,67.42,71.95,67.05,582377,4702118144.0,6.93,-4.61,-3.26,0.85
2021-05-06,000333,65.56,64.81,67.02,64.74,491159,3841342544.0,3.38,-3.87,-2.61,0.71
2021-05-07,000333,64.65,62.33,64.8,62.25,437295,3308412784.0,3.93,-3.83,-2.48,0.64
2021-05-10,000333,63.08,65.25,66.45,63.08,549440,4265793296.0,5.41,4.68,2.92,0.8
2021-05-11,000333,64.41,65.59,66.25,63.84,273335,2127125360.0,3.69,0.52,0.34,0.4
2021-05-12,000333,66.15,64.52,66.15,63.7,273410,2106351408.0,3.74,-1.63,-1.07,0.4
2021-05-13,000333,63.37,62.4,63.75,62.25,329508,2482149424.0,2.32,-3.29,-2.12,0.48
2021-05-14,000333,62.55,63.69,63.82,60.87,304811,2297770128.0,4.73,2.07,1.29,0.44
2021-05-17,000333,64.25,65.65,66.6,64.13,418092,3276114960.0,3.88,3.08,1.96,0.61
2021-05-18,000333,67.05,65.09,67.25,64.45,268555,2106345392.0,4.27,-0.85,-0.56,0.39
2021-05-19,000333,64.3,64.58,65.01,63.75,225053,1736145792.0,1.94,-0.78,-0.51,0.33
2021-05-20,000333,66.25,67.95,68.11,64.82,735331,5884598528.0,5.09,5.22,3.37,1.07
2021-05-21,000333,68.35,68.8,70.35,68.12,502224,4119754976.0,3.28,1.25,0.85,0.73
2021-05-24,000333,69.88,69.45,70.25,68.2,360149,2956298656.0,2.98,0.94,0.65,0.52
2021-05-25,000333,70.22,70.53,71.45,69.59,417467,3478155184.0,2.68,1.56,1.08,0.61
2021-05-26,000333,71.15,71.58,72.24,69.7,360382,3021930592.0,3.6,1.49,1.05,0.52
2021-05-27,000333,72.24,71.15,72.28,70.68,296157,2486863200.0,2.24,-0.6,-0.43,0.43
2021-05-28,000333,70.53,69.78,70.54,69.25,387415,3196831616.0,1.81,-1.93,-1.37,0.56
2021-05-31,000333,69.95,68.25,69.95,66.99,523951,4208270640.0,4.24,-2.19,-1.53,0.76
2021-06-01,000333,68.16,67.42,68.16,66.57,473371,3776569520.0,2.33,-1.22,-0.83,0.69
2021-06-02,000333,68.25,68.35,68.35,67.35,342847,2706286208.0,1.48,1.38,0.93,0.5
2021-06-03,000333,68.35,66.78,68.69,66.33,416690,3262957920.0,3.45,-2.3,-1.57,0.61
2021-06-04,000333,66.26,66.58,67.35,65.38,283066,2194930976.0,2.95,-0.3,-0.2,0.41
2021-06-07,000333,66.6,65.63,66.62,65.0,277275,2124176464.0,2.43,-1.43,-0.95,0.4
2021-06-08,000333,65.75,64.87,66.15,64.48,320893,2446270928.0,2.54,-1.16,-0.76,0.47
2021-06-09,000333,65.12,64.44,65.47,64.05,251380,1900479888.0,2.19,-0.66,-0.43,0.37
2021-06-10,000333,64.55,64.25,64.79,63.75,320756,2419455648.0,1.61,-0.29,-0.19,0.47
2021-06-11,000333,64.25,62.85,64.45,62.36,465214,3444045472.0,3.25,-2.18,-1.4,0.68
2021-06-15,000333,62.72,62.09,63.35,60.85,445900,3245305088.0,3.98,-1.21,-0.76,0.65
2021-06-16,000333,62.75,63.85,64.11,62.05,449702,3359892672.0,3.32,2.83,1.76,0.65
2021-06-17,000333,64.05,62.31,64.18,62.15,299292,2214198272.0,3.18,-2.41,-1.54,0.43
2021-06-18,000333,62.18,62.65,63.06,61.01,388179,2831313008.0,3.29,0.55,0.34,0.56
2021-06-21,000333,62.67,60.85,62.68,60.02,477386,3450150416.0,4.25,-2.87,-1.8,0.69
2021-06-22,000333,60.75,60.13,61.73,59.73,410342,2942649264.0,3.29,-1.18,-0.72,0.6
2021-06-23,000333,60.06,62.02,62.14,59.55,434044,3139531920.0,4.31,3.14,1.89,0.63
2021-06-24,000333,63.35,62.05,63.35,61.56,287028,2103271904.0,2.89,0.05,0.03,0.42
2021-06-25,000333,62.42,62.02,62.63,61.43,412552,3019079360.0,1.93,-0.05,-0.03,0.6
2021-06-28,000333,62.03,62.06,62.75,61.35,306846,2240502736.0,2.26,0.06,0.04,0.45
2021-06-29,000333,62.63,60.31,62.65,60.09,349799,2518377824.0,4.13,-2.82,-1.75,0.51
2021-06-30,000333,59.95,60.22,60.75,59.7,284444,2022265552.0,1.74,-0.15,-0.09,0.41
2021-07-01,000333,60.15,62.09,62.24,59.41,446418,3221962176.0,4.7,3.11,1.87,0.65
2021-07-02,000333,61.48,59.95,61.6,59.51,403184,2873257072.0,3.37,-3.45,-2.14,0.59
2021-07-05,000333,59.13,57.05,59.22,55.63,780811,5309270272.0,5.99,-4.84,-2.9,1.13
2021-07-06,000333,56.51,57.46,58.2,55.66,410637,2802133744.0,4.45,0.72,0.41,0.6
2021-07-07,000333,57.8,59.24,60.8,57.46,559598,3961973984.0,5.81,3.1,1.78,0.81
2021-07-08,000333,58.85,58.85,59.64,57.71,359770,2508845296.0,3.26,-0.66,-0.39,0.52
2021-07-09,000333,58.4,58.05,59.43,57.56,290798,2016604912.0,3.18,-1.36,-0.8,0.42
2021-07-12,000333,58.49,59.55,60.35,57.77,404955,2860148832.0,4.44,2.58,1.5,0.59
2021-07-13,000333,59.63,61.65,62.18,59.43,474532,3430086448.0,4.62,3.53,2.1,0.69
2021-07-14,000333,61.3,60.85,61.65,60.41,334055,2405155840.0,2.01,-1.3,-0.8,0.48
2021-07-15,000333,60.85,60.02,61.2,59.46,319702,2276242688.0,2.86,-1.36,-0.83,0.46
2021-07-16,000333,60.15,58.55,60.15,57.65,456910,3180537680.0,4.17,-2.45,-1.47,0.66
2021-07-19,000333,58.64,58.99,59.15,57.45,305612,2124892128.0,2.9,0.75,0.44,0.44
2021-07-20,000333,58.51,58.46,59.07,57.86,230948,1603201072.0,2.05,-0.9,-0.53,0.34
2021-07-21,000333,58.57,56.84,58.77,56.66,515187,3525935840.0,3.61,-2.77,-1.62,0.75
2021-07-22,000333,56.84,57.15,58.74,55.83,428838,2952043808.0,5.12,0.55,0.31,0.62
2021-07-23,000333,57.15,55.81,57.73,55.36,424513,2851914800.0,4.15,-2.34,-1.34,0.62
2021-07-26,000333,54.43,53.53,54.92,52.72,570129,3709400704.0,3.94,-4.09,-2.28,0.83
2021-07-27,000333,53.52,50.25,53.83,50.25,618699,3893777296.0,6.69,-6.13,-3.28,0.9
2021-07-28,000333,50.25,52.13,52.65,49.96,477829,2994650496.0,5.35,3.74,1.88,0.69
2021-07-29,000333,53.35,52.15,53.35,51.48,392713,2485962576.0,3.59,0.04,0.02,0.57
2021-07-30,000333,51.94,52.36,52.93,50.81,419779,2648623984.0,4.07,0.4,0.21,0.61
2021-08-02,000333,52.35,54.93,55.51,51.43,544453,3553099536.0,7.79,4.91,2.57,0.79
2021-08-03,000333,54.35,59.77,61.11,54.03,899928,6224743168.0,12.89,8.81,4.84,1.31
2021-08-04,000333,59.25,58.84,60.53,58.58,426362,3000695824.0,3.26,-1.56,-0.93,0.62
2021-08-05,000333,58.3,58.75,60.46,57.94,453383,3201066032.0,4.28,-0.15,-0.09,0.66
2021-08-06,000333,58.85,59.2,59.9,56.9,344818,2410494000.0,5.11,0.77,0.45,0.5
2021-08-09,000333,58.45,61.32,62.35,58.22,513619,3711851360.0,6.98,3.58,2.12,0.75
2021-08-10,000333,60.95,61.7,61.7,59.68,323715,2326129712.0,3.29,0.62,0.38,0.47
2021-08-11,000333,61.19,60.78,62.4,60.72,285607,2073013760.0,2.72,-1.49,-0.92,0.41
2021-08-12,000333,60.35,59.77,61.32,59.45,305393,2176736608.0,3.08,-1.66,-1.01,0.44
2021-08-13,000333,59.77,60.46,60.83,58.65,303013,2153012736.0,3.65,1.15,0.69,0.44
2021-08-16,000333,60.46,63.84,64.3,60.3,663056,4925830144.0,6.62,5.59,3.38,0.96
2021-08-17,000333,63.83,62.25,64.35,61.96,414103,3078533152.0,3.74,-2.49,-1.59,0.6
2021-08-18,000333,62.24,63.35,63.85,61.55,326173,2419424672.0,3.69,1.77,1.1,0.47
2021-08-19,000333,63.81,60.79,64.13,60.72,328662,2403024432.0,5.38,-4.04,-2.56,0.48
2021-08-20,000333,59.84,60.85,61.34,58.64,301298,2143875728.0,4.44,0.1,0.06,0.44
2021-08-23,000333,60.55,59.46,61.4,58.98,242164,1715542960.0,3.98,-2.28,-1.39,0.35
2021-08-24,000333,59.05,59.35,60.0,57.03,387440,2700934784.0,4.99,-0.18,-0.11,0.56
2021-08-25,000333,58.95,58.0,59.55,57.85,253519,1761336896.0,2.86,-2.27,-1.35,0.37
2021-08-26,000333,57.99,56.78,58.5,56.36,305609,2082846688.0,3.69,-2.1,-1.22,0.45
2021-08-27,000333,56.78,56.65,57.83,56.23,245561,1670326400.0,2.82,-0.23,-0.13,0.36
2021-08-30,000333,56.8,54.83,56.96,54.16,453444,2990768864.0,4.94,-3.21,-1.82,0.66
2021-08-31,000333,54.75,54.85,56.74,54.11,319641,2120020160.0,4.8,0.04,0.02,0.47
2021-09-01,000333,55.36,58.0,58.7,54.03,541205,3688604128.0,8.51,5.74,3.15,0.79
2021-09-02,000333,58.43,58.04,58.43,56.7,427613,2930294688.0,2.98,0.07,0.04,0.63
2021-09-03,000333,57.82,58.89,58.98,57.05,286808,1995822448.0,3.33,1.46,0.85,0.42
2021-09-06,000333,58.97,60.97,62.09,58.96,396106,2853865984.0,5.31,3.53,2.08,0.58
2021-09-07,000333,61.55,61.87,62.78,60.66,389370,2852011280.0,3.48,1.48,0.9,0.57
2021-09-08,000333,61.85,61.57,62.5,61.06,266824,1945966048.0,2.33,-0.48,-0.3,0.39
2021-09-09,000333,61.57,60.87,62.2,60.08,223508,1611240096.0,3.44,-1.14,-0.7,0.33
2021-09-10,000333,60.87,61.25,61.85,59.95,210796,1520883792.0,3.12,0.62,0.38,0.31
2021-09-13,000333,61.17,59.83,61.54,59.58,212938,1519720224.0,3.2,-2.32,-1.42,0.31
2021-09-14,000333,59.85,57.28,60.25,57.06,307033,2132022304.0,5.33,-4.26,-2.55,0.45
2021-09-15,000333,56.86,55.37,57.27,54.65,396307,2652852000.0,4.57,-3.33,-1.91,0.58
2021-09-16,000333,55.37,54.8,56.03,54.65,294662,1952956768.0,2.49,-1.03,-0.57,0.43
2021-09-17,000333,55.21,57.11,57.13,54.94,260977,1757915168.0,4.0,4.22,2.31,0.38
2021-09-22,000333,55.85,54.93,56.15,54.73,239678,1589166512.0,2.49,-3.82,-2.18,0.35
2021-09-23,000333,55.61,55.64,55.95,54.85,199430,1327533712.0,2.0,1.29,0.71,0.29
2021-09-24,000333,55.35,56.05,57.05,54.94,273724,1841748624.0,3.79,0.74,0.41,0.4
2021-09-27,000333,56.04,57.55,59.24,55.62,332665,2292141632.0,6.46,2.68,1.5,0.49
2021-09-28,000333,56.92,59.12,59.35,56.16,347514,2424145968.0,5.54,2.73,1.57,0.51
2021-09-29,000333,58.8,59.12,59.75,58.13,295308,2075477392.0,2.74,0.0,0.0,0.43
2021-09-30,000333,59.12,58.45,59.98,58.35,218791,1537243040.0,2.76,-1.13,-0.67,0.32
2021-10-08,000333,59.05,61.35,61.43,58.6,416134,2987690480.0,4.84,4.96,2.9,0.61
2021-10-11,000333,61.55,59.93,61.95,59.93,234492,1683573328.0,3.29,-2.31,-1.42,0.34
2021-10-12,000333,59.96,60.47,61.43,58.93,215990,1548732752.0,4.17,0.9,0.54,0.32
2021-10-13,000333,60.85,59.85,61.07,59.1,160559,1139319632.0,3.26,-1.03,-0.62,0.24
2021-10-14,000333,59.88,58.98,60.47,58.5,162334,1143450656.0,3.29,-1.45,-0.87,0.24
2021-10-15,000333,59.85,59.85,60.63,59.21,204251,1447693568.0,2.41,1.48,0.87,0.3
2021-10-18,000333,59.85,58.47,59.85,57.85,219019,1524555392.0,3.34,-2.31,-1.38,0.32
2021-10-19,000333,58.16,58.73,59.31,57.9,181045,1265164864.0,2.41,0.44,0.26,0.27
2021-10-20,000333,58.85,56.92,59.35,56.87,302766,2074541248.0,4.22,-3.08,-1.81,0.44
2021-10-21,000333,57.13,58.53,58.64,56.89,205973,1416973728.0,3.07,2.83,1.61,0.3
2021-10-22,000333,58.82,63.35,63.85,58.8,819479,6030294016.0,8.63,8.24,4.82,1.2
2021-10-25,000333,62.84,61.25,63.15,60.45,430581,3124400480.0,4.26,-3.31,-2.1,0.63
2021-10-26,000333,60.6,58.87,60.83,58.87,396448,2798221888.0,3.2,-3.89,-2.38,0.58
2021-10-27,000333,57.91,55.85,58.3,55.85,678497,4597497856.0,4.16,-5.13,-3.02,0.99
2021-10-28,000333,55.35,56.97,57.2,54.89,277979,1876958736.0,4.14,2.01,1.12,0.41
2021-10-29,000333,56.28,57.62,58.35,56.15,282021,1933712608.0,3.86,1.14,0.65,0.41
2021-11-01,000333,60.12,61.66,62.77,59.5,748111,5437920512.0,5.68,7.01,4.04,1.1
2021-11-02,000333,61.66,59.66,62.24,59.23,339796,2430850400.0,4.88,-3.24,-2.0,0.5
2021-11-03,000333,58.88,58.17,60.35,58.17,221363,1550205584.0,3.65,-2.5,-1.49,0.32
2021-11-04,000333,58.85,59.57,60.09,58.34,236741,1667235040.0,3.01,2.41,1.4,0.35
2021-11-05,000333,59.16,59.6,60.66,58.64,186306,1321929408.0,3.39,0.05,0.03,0.27
2021-11-08,000333,59.48,59.29,59.81,58.65,149610,1051451984.0,1.95,-0.52,-0.31,0.22
2021-11-09,000333,59.2,57.85,59.2,57.22,227670,1571550512.0,3.34,-2.43,-1.44,0.33
2021-11-10,000333,57.54,58.43,58.65,56.87,237358,1632341264.0,3.08,1.0,0.58,0.35
2021-11-11,000333,58.04,60.89,61.21,57.75,363320,2604623040.0,5.92,4.21,2.46,0.53
2021-11-12,000333,60.73,61.02,62.73,60.45,266144,1929374928.0,3.74,0.21,0.13,0.39
2021-11-15,000333,60.85,61.33,61.85,60.35,214973,1553116112.0,2.46,0.51,0.31,0.32
2021-11-16,000333,61.85,61.58,62.35,61.24,211402,1540309648.0,1.81,0.41,0.25,0.31
2021-11-17,000333,61.1,60.96,62.05,60.37,143903,1039576304.0,2.73,-1.01,-0.62,0.21
2021-11-18,000333,60.68,59.07,60.69,58.83,194134,1370784032.0,3.05,-3.1,-1.89,0.28
2021-11-19,000333,59.07,58.85,59.35,58.16,251030,1750975584.0,2.01,-0.37,-0.22,0.37
2021-11-22,000333,58.58,58.8,59.13,58.35,229662,1602179696.0,1.33,-0.08,-0.05,0.34
2021-11-23,000333,58.79,58.32,58.79,57.87,224157,1554230544.0,1.56,-0.82,-0.48,0.33
2021-11-24,000333,59.0,59.0,59.22,57.87,252710,1761908032.0,2.31,1.17,0.68,0.37
2021-11-25,000333,58.85,57.99,58.85,57.93,181103,1254877488.0,1.56,-1.71,-1.01,0.27
2021-11-26,000333,57.85,57.66,58.3,57.43,140484,969361344.0,1.5,-0.57,-0.33,0.21
2021-11-29,000333,56.84,57.02,57.43,56.57,200021,1361366064.0,1.49,-1.11,-0.64,0.29
2021-11-30,000333,56.71,56.63,58.0,56.52,195437,1332560752.0,2.6,-0.68,-0.39,0.29
2021-12-01,000333,56.52,57.01,57.05,56.05,180101,1220013296.0,1.77,0.67,0.38,0.26
2021-12-02,000333,56.23,56.59,56.82,55.96,172928,1169569312.0,1.51,-0.74,-0.42,0.25
2021-12-03,000333,56.56,56.01,56.56,55.53,217092,1455435328.0,1.82,-1.02,-0.58,0.32
2021-12-06,000333,56.01,57.42,57.63,55.96,281560,1927815520.0,2.98,2.52,1.41,0.41
2021-12-07,000333,57.95,59.08,59.25,57.95,459961,3221759584.0,2.26,2.89,1.66,0.67
2021-12-08,000333,59.24,58.84,59.3,57.85,244486,1705575360.0,2.45,-0.41,-0.24,0.36
2021-12-09,000333,60.35,61.07,61.6,59.73,587206,4231464736.0,3.18,3.79,2.23,0.86
2021-12-10,000333,60.51,60.75,61.25,59.55,297743,2133466224.0,2.78,-0.52,-0.32,0.44
2021-12-13,000333,61.6,61.8,64.12,61.37,543930,4021351648.0,4.53,1.73,1.05,0.8
2021-12-14,000333,61.1,59.9,61.33,59.9,253301,1813446496.0,2.31,-3.07,-1.9,0.37
2021-12-15,000333,59.84,59.2,60.26,59.03,165669,1169764128.0,2.05,-1.17,-0.7,0.24
2021-12-16,000333,59.3,59.25,59.73,58.67,153604,1077897216.0,1.79,0.08,0.05,0.22
2021-12-17,000333,58.94,57.55,59.11,57.55,204678,1419353360.0,2.63,-2.87,-1.7,0.3
2021-12-20,000333,57.73,58.47,59.19,57.66,206580,1440391952.0,2.66,1.6,0.92,0.3
2021-12-21,000333,58.46,60.5,60.98,58.35,317597,2268444032.0,4.5,3.47,2.03,0.47
2021-12-22,000333,60.3,60.38,60.75,58.88,224831,1595253312.0,3.09,-0.2,-0.12,0.33
2021-12-23,000333,59.94,60.72,61.72,59.85,196542,1412656992.0,3.1,0.56,0.34,0.29
2021-12-24,000333,60.18,61.01,61.1,59.68,163775,1174612544.0,2.34,0.48,0.29,0.24
2021-12-27,000333,61.05,61.9,62.85,60.75,275623,2020201840.0,3.44,1.46,0.89,0.4
2021-12-28,000333,61.9,64.03,64.31,61.9,512720,3839791456.0,3.89,3.44,2.13,0.75
2021-12-29,000333,63.85,62.86,64.4,62.6,215843,1603790656.0,2.81,-1.83,-1.17,0.32
2021-12-30,000333,62.85,62.81,63.35,62.03,218290,1615514272.0,2.1,-0.08,-0.05,0.32
2021-12-31,000333,62.75,62.66,63.29,61.63,216734,1593276848.0,2.64,-0.24,-0.15,0.32
2022-01-04,000333,62.85,64.21,64.35,62.45,310408,2323005424.0,3.03,2.47,1.55,0.45
2022-01-05,000333,64.25,65.12,68.68,63.59,613699,4743653632.0,7.93,1.42,0.91,0.9
2022-01-06,000333,64.66,63.83,67.04,63.65,341889,2599839616.0,5.21,-1.98,-1.29,0.5
2022-01-07,000333,64.33,66.63,67.33,63.86,437221,3393184320.0,5.44,4.39,2.8,0.64
2022-01-10,000333,67.05,66.65,69.73,65.85,352522,2760629552.0,5.82,0.03,0.02,0.52
2022-01-11,000333,65.87,64.45,67.67,64.35,336945,2592315664.0,4.98,-3.3,-2.2,0.49
2022-01-12,000333,64.94,63.13,65.17,61.88,384641,2852050496.0,5.1,-2.05,-1.32,0.56
2022-01-13,000333,63.43,61.17,64.21,61.05,267326,1957650624.0,5.01,-3.1,-1.96,0.39
2022-01-14,000333,60.95,60.85,61.7,60.25,209970,1516106944.0,2.37,-0.52,-0.32,0.31
2022-01-17,000333,60.95,61.88,62.29,60.57,203811,1481637504.0,2.83,1.69,1.03,0.3
2022-01-18,000333,61.66,62.15,62.53,60.87,213077,1554810608.0,2.68,0.44,0.27,0.31
2022-01-19,000333,62.55,64.08,65.04,62.31,404011,3035602736.0,4.39,3.11,1.93,0.59
2022-01-20,000333,64.04,67.47,67.65,63.96,506622,3941616640.0,5.76,5.29,3.39,0.74
2022-01-21,000333,66.97,66.26,67.67,65.48,302262,2345227568.0,3.25,-1.79,-1.21,0.44
2022-01-24,000333,65.65,65.93,67.88,65.35,169131,1307756736.0,3.82,-0.5,-0.33,0.25
2022-01-25,000333,65.65,64.7,67.65,64.07,251852,1938021216.0,5.43,-1.87,-1.23,0.37
2022-01-26,000333,65.32,65.36,66.38,64.39,179965,1376378672.0,3.08,1.02,0.66,0.26
2022-01-27,000333,64.6,63.67,65.62,63.36,258966,1951701424.0,3.46,-2.59,-1.69,0.38
2022-01-28,000333,63.68,62.05,64.85,61.88,269219,1996946176.0,4.66,-2.54,-1.62,0.39
2022-02-07,000333,63.35,63.55,64.49,62.23,212958,1582887136.0,3.64,2.42,1.5,0.31
2022-02-08,000333,63.25,63.15,63.75,61.85,252228,1858705328.0,2.99,-0.63,-0.4,0.37
2022-02-09,000333,63.45,65.44,65.92,62.75,308211,2329350896.0,5.02,3.63,2.29,0.45
2022-02-10,000333,64.95,62.5,65.46,62.35,400938,2986309648.0,4.75,-4.49,-2.94,0.59
2022-02-11,000333,62.0,62.99,63.45,61.33,263156,1943208560.0,3.39,0.78,0.49,0.39
2022-02-14,000333,62.35,61.85,62.38,60.45,198336,1443390304.0,3.06,-1.81,-1.14,0.29
2022-02-15,000333,61.57,60.88,62.15,60.75,226626,1639397264.0,2.26,-1.57,-0.97,0.33
2022-02-16,000333,61.03,62.15,62.34,60.65,189393,1380576752.0,2.78,2.09,1.27,0.28
2022-02-17,000333,61.86,61.12,62.65,60.96,177123,1288420224.0,2.72,-1.66,-1.03,0.26
2022-02-18,000333,60.64,61.85,61.99,60.16,153925,1114787728.0,2.99,1.19,0.73,0.23
2022-02-21,000333,61.65,61.55,61.67,60.85,107091,776053568.0,1.33,-0.49,-0.3,0.16
2022-02-22,000333,60.95,59.02,61.0,58.1,363014,2550080176.0,4.71,-4.11,-2.53,0.53
2022-02-23,000333,58.9,59.33,59.49,58.55,195986,1377756704.0,1.59,0.53,0.31,0.29
2022-02-24,000333,58.37,57.15,58.61,56.31,418997,2867573792.0,3.88,-3.67,-2.18,0.61
2022-02-25,000333,57.6,56.97,57.8,56.66,224171,1528873760.0,1.99,-0.31,-0.18,0.33
2022-02-28,000333,56.35,55.57,56.47,54.35,483624,3207726544.0,3.72,-2.46,-1.4,0.71
2022-03-01,000333,55.46,57.18,57.24,54.53,406335,2724504800.0,4.88,2.9,1.61,0.59
2022-03-02,000333,56.35,55.77,56.35,55.05,247869,1658320784.0,2.27,-2.47,-1.41,0.36
2022-03-03,000333,56.1,55.52,56.1,54.8,262306,1743964880.0,2.33,-0.45,-0.25,0.38
2022-03-04,000333,54.8,54.45,55.18,53.94,305204,2001514128.0,2.23,-1.93,-1.07,0.45
2022-03-07,000333,53.43,51.36,53.43,50.89,476452,2998946560.0,4.66,-5.67,-3.09,0.7
2022-03-08,000333,50.75,48.61,51.85,48.55,577687,3513393056.0,6.43,-5.35,-2.75,0.85
2022-03-09,000333,48.13,48.37,48.86,45.46,562758,3289964736.0,6.99,-0.49,-0.24,0.82
2022-03-10,000333,50.06,47.72,50.24,46.97,473629,2809518528.0,6.76,-1.34,-0.65,0.69
2022-03-11,000333,47.15,48.23,48.52,46.18,356390,2080976816.0,4.9,1.07,0.51,0.52
2022-03-14,000333,46.87,45.54,47.94,45.54,319186,1851362816.0,4.98,-5.58,-2.69,0.47
2022-03-15,000333,45.05,43.25,46.08,43.13,499268,2779415600.0,6.48,-5.03,-2.29,0.73
2022-03-16,000333,45.05,45.84,46.16,43.1,529458,2962039200.0,7.08,5.99,2.59,0.77
2022-03-17,000333,48.29,47.55,48.53,46.46,522664,3071637072.0,4.52,3.73,1.71,0.76
2022-03-18,000333,47.55,47.75,47.86,46.5,368393,2148265056.0,2.86,0.42,0.2,0.54
2022-03-21,000333,47.88,47.3,48.4,46.85,306417,1798629632.0,3.25,-0.94,-0.45,0.45
2022-03-22,000333,46.95,47.43,47.79,46.87,194040,1134303600.0,1.95,0.27,0.13,0.28
2022-03-23,000333,47.58,46.85,47.71,46.78,243737,1418165968.0,1.96,-1.22,-0.58,0.36
2022-03-24,000333,46.35,46.43,46.67,45.96,236787,1361843504.0,1.52,-0.9,-0.42,0.35
2022-03-25,000333,46.44,44.94,46.77,44.9,252164,1430819632.0,4.03,-3.21,-1.49,0.37
2022-03-28,000333,44.72,44.65,45.01,43.65,215853,1198968560.0,3.03,-0.65,-0.29,0.32
2022-03-29,000333,44.96,43.5,45.08,43.31,252430,1391082048.0,3.96,-2.58,-1.15,0.37
2022-03-30,000333,43.84,45.85,45.85,43.8,339003,1899860144.0,4.71,5.4,2.35,0.5
2022-03-31,000333,45.75,45.85,46.05,45.07,251336,1428403888.0,2.14,0.0,0.0,0.37
2022-04-01,000333,45.35,47.45,48.09,44.66,457752,2655473472.0,7.48,3.49,1.6,0.67
2022-04-06,000333,46.9,47.26,48.03,46.75,307532,1798592448.0,2.7,-0.4,-0.19,0.45
2022-04-07,000333,46.5,46.55,47.97,46.46,269420,1567998976.0,3.2,-1.5,-0.71,0.39
2022-04-08,000333,46.55,46.18,46.77,45.69,226827,1297780224.0,2.32,-0.79,-0.37,0.33
2022-04-11,000333,46.3,44.21,46.32,44.12,338124,1894585184.0,4.76,-4.27,-1.97,0.49
2022-04-12,000333,44.59,46.29,46.35,44.14,297175,1671057312.0,5.0,4.7,2.08,0.43
2022-04-13,000333,45.83,45.42,46.3,45.28,211987,1206396768.0,2.2,-1.88,-0.87,0.31
2022-04-14,000333,45.87,47.57,47.93,45.87,427417,2497101920.0,4.54,4.73,2.15,0.63
2022-04-15,000333,47.17,47.5,48.15,47.01,212421,1246877152.0,2.4,-0.15,-0.07,0.31
2022-04-18,000333,47.35,46.42,47.35,46.38,154682,893259008.0,2.04,-2.27,-1.08,0.23
2022-04-19,000333,46.5,46.15,47.0,45.91,168495,971057232.0,2.35,-0.58,-0.27,0.25
2022-04-20,000333,46.6,46.41,47.74,45.85,216628,1255101328.0,4.1,0.56,0.26,0.32
2022-04-21,000333,45.95,44.88,46.84,44.45,280000,1586256608.0,5.15,-3.3,-1.53,0.41
2022-04-22,000333,44.45,45.82,46.37,43.53,244698,1373768016.0,6.33,2.09,0.94,0.36
2022-04-25,000333,45.4,43.92,46.34,43.88,325601,1837475008.0,5.37,-4.15,-1.9,0.48
2022-04-26,000333,43.92,40.64,44.32,40.36,632046,3336916864.0,9.02,-7.47,-3.28,0.92
2022-04-27,000333,39.58,41.95,42.2,39.35,375710,1983750320.0,7.01,3.22,1.31,0.55
2022-04-28,000333,42.35,42.13,42.55,40.92,252589,1335819840.0,3.89,0.43,0.18,0.37
2022-04-29,000333,42.85,45.94,46.14,42.13,575241,3198610304.0,9.52,9.04,3.81,0.84
2022-05-05,000333,46.9,47.55,48.23,46.7,467907,2748594256.0,3.33,3.5,1.61,0.68
2022-05-06,000333,46.45,47.05,47.35,46.24,212170,1232140912.0,2.33,-1.05,-0.5,0.31
2022-05-09,000333,46.1,45.21,46.37,44.62,215297,1216418064.0,3.72,-3.91,-1.84,0.31
2022-05-10,000333,44.08,45.45,45.74,43.85,300571,1689113760.0,4.18,0.53,0.24,0.44
2022-05-11,000333,45.33,45.53,46.35,44.85,359115,2038556240.0,3.3,0.18,0.08,0.52
2022-05-12,000333,45.43,44.59,45.43,44.13,225791,1261668400.0,2.86,-2.06,-0.94,0.33
2022-05-13,000333,45.37,45.86,46.02,45.05,244320,1386786848.0,2.18,2.85,1.27,0.36
2022-05-16,000333,46.37,45.05,47.6,44.4,286645,1624257216.0,6.98,-1.77,-0.81,0.42
2022-05-17,000333,44.85,46.24,46.35,44.55,228314,1301041280.0,4.0,2.64,1.19,0.33
2022-05-18,000333,46.35,45.48,46.52,44.77,222697,1258738704.0,3.78,-1.64,-0.76,0.33
2022-05-19,000333,44.64,44.67,45.04,44.18,201959,1125169392.0,1.89,-1.78,-0.81,0.3
2022-05-20,000333,44.75,45.75,45.97,44.21,266085,1502431008.0,3.94,2.42,1.08,0.39
2022-05-23,000333,45.2,43.16,45.35,42.94,557831,3054327104.0,5.27,-5.66,-2.59,0.82
2022-05-24,000333,42.91,42.64,43.54,42.4,263463,1425290688.0,2.64,-1.2,-0.52,0.38
2022-05-25,000333,42.35,42.25,42.65,41.85,221974,1182899104.0,1.88,-0.91,-0.39,0.32
2022-05-26,000333,42.25,42.67,42.93,40.65,423828,2242918336.0,5.4,0.99,0.42,0.62
2022-05-27,000333,43.28,41.97,43.64,41.86,352557,1897823152.0,4.17,-1.64,-0.7,0.52
2022-05-30,000333,42.0,42.25,42.65,41.86,216385,1152606784.0,1.88,0.67,0.28,0.32
2022-05-31,000333,42.34,43.33,43.33,41.95,355099,1910341888.0,3.27,2.56,1.08,0.52
2022-06-01,000333,43.15,43.12,43.62,42.7,292058,1584914304.0,2.12,-0.48,-0.21,0.43
2022-06-02,000333,43.31,43.11,43.33,42.63,275846,1445923344.0,1.62,-0.02,-0.01,0.4
2022-06-06,000333,43.13,43.34,43.48,42.13,365209,1916117648.0,3.13,0.53,0.23,0.53
2022-06-07,000333,43.05,43.55,43.68,42.65,291695,1540591776.0,2.38,0.48,0.21,0.43
2022-06-08,000333,43.56,43.54,44.35,43.08,362977,1921801472.0,2.92,-0.02,-0.01,0.53
2022-06-09,000333,43.4,42.93,43.7,42.74,286836,1507868960.0,2.2,-1.4,-0.61,0.42
2022-06-10,000333,42.66,42.8,42.89,42.3,300349,1563195296.0,1.37,-0.3,-0.13,0.44
2022-06-13,000333,42.35,41.61,42.4,41.21,404263,2064281840.0,2.78,-2.78,-1.19,0.59
2022-06-14,000333,40.85,41.98,42.11,40.67,348424,1764306400.0,3.46,0.89,0.37,0.51
2022-06-15,000333,41.67,44.99,45.55,41.67,915078,4906858752.0,9.24,7.17,3.01,1.34
2022-06-16,000333,45.02,44.38,45.48,44.04,359382,1942251728.0,3.2,-1.36,-0.61,0.53
2022-06-17,000333,43.58,45.31,45.96,43.07,538134,2909185792.0,6.51,2.1,0.93,0.79
2022-06-20,000333,45.71,47.61,48.1,45.71,765309,4349794560.0,5.27,5.08,2.3,1.12
2022-06-21,000333,47.65,47.84,48.94,47.2,537077,3093973216.0,3.65,0.48,0.23,0.78
2022-06-22,000333,47.82,46.55,47.82,46.55,297211,1674082880.0,2.65,-2.7,-1.29,0.43
2022-06-23,000333,46.51,46.54,47.02,45.85,304532,1698132576.0,2.51,-0.02,-0.01,0.44
2022-06-24,000333,46.54,48.35,49.5,46.31,732011,4236370544.0,6.85,3.89,1.81,1.07
2022-06-27,000333,48.85,49.65,50.63,48.85,581584,3454900576.0,3.68,2.69,1.3,0.85
2022-06-28,000333,50.15,49.65,50.15,49.0,322522,1902451600.0,2.32,0.0,0.0,0.47
2022-06-29,000333,50.03,49.82,51.19,49.76,420723,2520771104.0,2.88,0.34,0.17,0.61
2022-06-30,000333,49.91,50.94,51.21,49.55,370539,2223920752.0,3.33,2.25,1.12,0.54
2022-07-01,000333,50.74,49.34,50.74,48.71,337857,1992141904.0,3.99,-3.14,-1.6,0.49
2022-07-04,000333,48.09,50.52,50.61,48.09,313750,1867732496.0,5.11,2.39,1.18,0.46
2022-07-05,000333,50.3,50.09,52.04,49.45,283847,1695670016.0,5.13,-0.85,-0.43,0.41
2022-07-06,000333,50.6,49.83,51.58,49.22,307640,1828885008.0,4.71,-0.52,-0.26,0.45
2022-07-07,000333,49.57,49.25,50.35,49.05,197472,1165987952.0,2.61,-1.16,-0.58,0.29
2022-07-08,000333,49.67,49.13,49.67,48.45,227250,1326085872.0,2.48,-0.24,-0.12,0.33
2022-07-11,000333,48.81,49.45,49.75,48.27,273547,1600533216.0,3.01,0.65,0.32,0.4
2022-07-12,000333,49.6,50.65,51.43,49.6,408104,2451083764.0,3.7,2.43,1.2,0.6
2022-07-13,000333,50.63,48.85,50.8,48.58,387901,2277523772.29,4.38,-3.55,-1.8,0.57
2022-07-14,000333,49.55,46.75,49.74,46.4,545200,3101127518.64,6.84,-4.3,-2.1,0.8
2022-07-15,000333,46.35,45.75,47.13,45.7,302679,1686983213.61,3.06,-2.14,-1.0,0.44
2022-07-18,000333,45.75,45.84,46.43,44.55,235494,1297826116.98,4.11,0.2,0.09,0.34
2022-07-19,000333,45.65,45.58,46.21,45.31,197097,1084831637.01,1.96,-0.57,-0.26,0.29
2022-07-20,000333,46.02,45.98,46.9,45.65,217052,1207951153.93,2.74,0.88,0.4,0.32
2022-07-21,000333,46.05,45.44,46.45,45.35,163847,902059283.76,2.39,-1.17,-0.54,0.24
2022-07-22,000333,45.2,45.64,46.02,44.85,186461,1022770982.77,2.57,0.44,0.2,0.27
2022-07-25,000333,45.65,47.0,47.27,45.56,360274,2023496096.02,3.75,2.98,1.36,0.53
2022-07-26,000333,47.05,47.95,48.41,46.92,263042,1507831169.3,3.17,2.02,0.95,0.38
2022-07-27,000333,47.75,46.47,47.8,46.32,244410,1372601234.98,3.09,-3.09,-1.48,0.36
2022-07-28,000333,46.55,46.3,46.69,46.06,146147,815071057.21,1.36,-0.37,-0.17,0.21
2022-07-29,000333,46.5,45.53,46.75,45.33,237474,1312270361.9,3.07,-1.66,-0.77,0.35
2022-08-01,000333,45.8,45.16,45.85,44.63,186467,1017042233.73,2.68,-0.81,-0.37,0.27
2022-08-02,000333,44.63,44.15,44.65,43.45,260486,1393045271.36,2.66,-2.24,-1.01,0.38
2022-08-03,000333,43.76,42.8,44.56,42.63,318780,1682530015.52,4.37,-3.06,-1.35,0.47
2022-08-04,000333,42.95,43.05,43.32,42.65,135291,709252637.11,1.57,0.58,0.25,0.2
2022-08-05,000333,43.29,43.52,43.52,42.63,198191,1039336001.81,2.07,1.09,0.47,0.29
2022-08-08,000333,43.1,42.98,43.52,42.88,218082,1144520138.29,1.47,-1.24,-0.54,0.32
2022-08-09,000333,43.0,43.21,43.61,42.8,160516,846230165.41,1.88,0.54,0.23,0.23
2022-08-10,000333,43.18,42.38,43.18,42.32,163024,847521283.41,1.99,-1.92,-0.83,0.24
2022-08-11,000333,42.85,43.47,43.53,42.43,229539,1206195923.67,2.6,2.57,1.09,0.34
2022-08-12,000333,43.26,43.71,44.01,42.98,169879,899862140.62,2.37,0.55,0.24,0.25
2022-08-15,000333,43.72,43.35,44.15,43.07,183235,969855783.83,2.47,-0.82,-0.36,0.27
2022-08-16,000333,43.37,43.15,43.44,42.85,163357,858701197.24,1.36,-0.46,-0.2,0.24
2022-08-17,000333,43.21,43.98,44.43,42.66,238435,1266823797.06,4.1,1.92,0.83,0.35
2022-08-18,000333,43.65,43.17,43.8,42.96,140885,742672219.82,1.91,-1.84,-0.81,0.21
2022-08-19,000333,43.23,43.16,43.36,42.8,132153,695288655.05,1.3,-0.02,-0.01,0.19
2022-08-22,000333,43.01,43.59,44.1,42.84,238176,1266026527.73,2.92,1.0,0.43,0.35
2022-08-23,000333,43.5,42.67,43.65,42.55,220349,1151798157.22,2.52,-2.11,-0.92,0.32
2022-08-24,000333,42.65,41.94,42.73,41.86,215842,1113905675.44,2.04,-1.71,-0.73,0.32
2022-08-25,000333,41.94,42.78,42.96,41.52,209893,1083006133.7,3.43,2.0,0.84,0.31
2022-08-26,000333,43.03,42.78,43.21,42.44,160406,837907693.58,1.8,0.0,0.0,0.23
2022-08-29,000333,42.15,42.83,43.42,42.06,164561,857943931.67,3.18,0.12,0.05,0.24
2022-08-30,000333,43.04,42.85,43.76,42.63,202708,1065091301.3,2.64,0.05,0.02,0.3
2022-08-31,000333,42.65,43.79,44.2,42.64,462838,2459353193.95,3.64,2.19,0.94,0.68
2022-09-01,000333,43.78,45.66,46.05,43.78,642105,3521209361.9,5.18,4.27,1.87,0.94
2022-09-02,000333,45.66,44.2,45.66,43.72,367460,1976289177.92,4.25,-3.2,-1.46,0.54
2022-09-05,000333,43.65,44.35,44.55,43.43,190275,1017336571.66,2.53,0.34,0.15,0.28
2022-09-06,000333,44.36,44.01,44.76,43.95,177962,953823605.2,1.83,-0.77,-0.34,0.26
2022-09-07,000333,44.22,43.6,44.24,43.53,209953,1116835915.49,1.61,-0.93,-0.41,0.31
2022-09-08,000333,43.6,43.92,44.3,43.6,153657,822398889.27,1.61,0.73,0.32,0.22
2022-09-09,000333,43.92,45.99,46.18,43.81,523881,2884912064.83,5.4,4.71,2.07,0.76
2022-09-13,000333,45.99,47.04,47.45,45.62,346024,1947119368.59,3.98,2.28,1.05,0.51
2022-09-14,000333,46.05,46.48,46.8,45.95,187473,1046314871.35,1.81,-1.19,-0.56,0.27
2022-09-15,000333,46.44,46.89,47.75,46.24,289698,1636891138.76,3.25,0.88,0.41,0.42
2022-09-16,000333,46.54,45.67,46.65,45.45,259940,1439024736.05,2.56,-2.6,-1.22,0.38
2022-09-19,000333,45.22,45.53,45.99,44.67,203600,1115777266.41,2.89,-0.31,-0.14,0.3
2022-09-20,000333,45.4,44.07,45.65,43.85,350660,1883992924.37,3.95,-3.21,-1.46,0.51
2022-09-21,000333,44.98,43.4,45.01,42.89,267752,1414578652.97,4.81,-1.52,-0.67,0.39
2022-09-22,000333,43.29,42.05,43.3,41.84,401432,2075058537.09,3.36,-3.11,-1.35,0.59
2022-09-23,000333,41.66,41.89,42.44,41.55,175176,899511431.7,2.12,-0.38,-0.16,0.26
2022-09-26,000333,41.55,41.6,42.55,41.44,205533,1055235704.3,2.65,-0.69,-0.29,0.3
2022-09-27,000333,41.7,42.23,42.43,40.85,247650,1268264653.23,3.8,1.51,0.63,0.36
2022-09-28,000333,42.05,41.72,42.32,41.65,135577,697308166.11,1.59,-1.21,-0.51,0.2
2022-09-29,000333,42.02,41.05,42.31,40.85,253195,1286757815.65,3.5,-1.61,-0.67,0.37
2022-09-30,000333,40.68,39.86,41.12,39.86,355638,1767860147.82,3.07,-2.9,-1.19,0.52
2022-10-10,000333,39.86,39.25,40.54,39.01,260145,1282724398.35,3.84,-1.53,-0.61,0.38
2022-10-11,000333,39.24,38.92,39.4,38.55,220037,1061344409.94,2.17,-0.84,-0.33,0.32
2022-10-12,000333,38.6,38.82,38.85,37.55,240971,1147459230.8,3.34,-0.26,-0.1,0.35
2022-10-13,000333,38.54,37.61,38.55,37.56,277454,1314811925.42,2.55,-3.12,-1.21,0.4
2022-10-14,000333,37.8,38.54,38.8,37.65,313388,1498957703.41,3.06,2.47,0.93,0.46
2022-10-17,000333,38.26,38.22,38.4,37.85,235017,1116822628.24,1.43,-0.83,-0.32,0.34
2022-10-18,000333,38.53,37.99,38.7,37.88,270086,1286487096.99,2.15,-0.6,-0.23,0.39
2022-10-19,000333,37.91,35.77,37.91,35.72,556549,2560635750.15,5.76,-5.84,-2.22,0.81
2022-10-20,000333,35.35,34.93,35.83,34.41,366478,1635034406.28,3.97,-2.35,-0.84,0.53
2022-10-21,000333,34.94,34.55,35.33,34.32,272432,1202555594.67,2.89,-1.09,-0.38,0.4
2022-10-24,000333,34.25,32.94,34.87,32.85,459169,1972598642.79,5.85,-4.66,-1.61,0.67
2022-10-25,000333,33.35,32.57,33.5,32.53,414401,1755695125.41,2.94,-1.12,-0.37,0.6
2022-10-26,000333,32.75,33.01,33.76,32.71,362814,1546847300.87,3.22,1.35,0.44,0.53
2022-10-27,000333,33.25,33.13,33.55,32.85,226403,965896178.55,2.12,0.36,0.12,0.33
2022-10-28,000333,32.76,31.31,32.93,31.17,401750,1664548587.26,5.31,-5.49,-1.82,0.59
2022-10-31,000333,31.28,30.73,31.35,30.65,345535,1396541435.65,2.24,-1.85,-0.58,0.5
2022-11-01,000333,31.13,32.15,32.15,30.64,480671,1965965682.2,4.91,4.62,1.42,0.7
2022-11-02,000333,31.95,32.63,33.15,31.77,380199,1594625960.37,4.29,1.49,0.48,0.55
2022-11-03,000333,32.35,32.13,32.42,31.75,288535,1197662698.13,2.05,-1.53,-0.5,0.42
2022-11-04,000333,32.18,33.64,33.9,32.13,457491,1955851185.02,5.51,4.7,1.51,0.67
2022-11-07,000333,33.55,33.61,33.81,33.06,331596,1424760638.23,2.23,-0.09,-0.03,0.48
2022-11-08,000333,33.67,33.55,33.84,33.13,305582,1312592117.08,2.11,-0.18,-0.06,0.45
2022-11-09,000333,33.94,33.59,34.4,33.5,229904,995215199.85,2.68,0.12,0.04,0.34
2022-11-10,000333,33.3,33.52,33.53,33.08,223054,954033824.36,1.34,-0.21,-0.07,0.33
2022-11-11,000333,35.08,36.18,36.75,34.26,828835,3734773539.5,7.43,7.94,2.66,1.21
2022-11-14,000333,38.47,38.35,39.66,37.85,1000204,4791202404.25,5.0,6.0,2.17,1.46
2022-11-15,000333,39.05,39.62,40.13,38.25,512288,2501777032.0,4.9,3.31,1.27,0.75
2022-11-16,000333,39.95,39.01,39.95,38.71,259926,1264627973.12,3.13,-1.54,-0.61,0.38
2022-11-17,000333,38.94,38.51,39.65,38.23,192846,927024366.18,3.64,-1.28,-0.5,0.28
2022-11-18,000333,38.91,38.52,39.09,38.23,160676,772609930.37,2.23,0.03,0.01,0.23
2022-11-21,000333,38.02,36.89,38.02,36.79,345234,1604372657.94,3.19,-4.23,-1.63,0.5
2022-11-22,000333,36.95,36.85,37.59,36.45,235692,1092152104.18,3.09,-0.11,-0.04,0.34
2022-11-23,000333,36.78,36.83,37.09,36.57,142552,659509321.94,1.41,-0.05,-0.02,0.21
2022-11-24,000333,37.3,36.46,37.75,36.33,213800,987544043.19,3.86,-1.0,-0.37,0.31
2022-11-25,000333,36.46,37.24,37.64,36.38,246975,1150838919.31,3.46,2.14,0.78,0.36
2022-11-28,000333,36.23,36.84,37.0,35.78,226551,1036165229.67,3.28,-1.07,-0.4,0.33
2022-11-29,000333,38.55,38.97,39.33,37.47,389287,1868785966.58,5.05,5.78,2.13,0.57
2022-11-30,000333,38.73,38.42,39.53,38.04,272876,1310967680.21,3.82,-1.41,-0.55,0.4
2022-12-01,000333,39.36,38.86,39.88,38.82,276045,1344223507.96,2.76,1.15,0.44,0.4
2022-12-02,000333,38.59,38.59,39.15,38.31,170150,818020497.82,2.16,-0.69,-0.27,0.25
2022-12-05,000333,39.04,40.25,40.55,38.95,361068,1785930108.09,4.15,4.3,1.66,0.53
2022-12-06,000333,40.24,40.55,41.21,39.57,325270,1629245814.12,4.07,0.75,0.3,0.47
2022-12-07,000333,40.55,41.8,42.23,40.05,436564,2229128244.86,5.38,3.08,1.25,0.64
2022-12-08,000333,41.9,42.3,43.03,41.39,390780,2028801619.21,3.92,1.2,0.5,0.57
2022-12-09,000333,42.51,44.85,44.88,42.36,699406,3745342825.93,5.96,6.03,2.55,1.02
2022-12-12,000333,44.25,44.98,45.52,43.85,466633,2533376174.82,3.72,0.29,0.13,0.68
2022-12-13,000333,44.76,44.5,44.95,44.2,306193,1650838607.43,1.67,-1.07,-0.48,0.45
2022-12-14,000333,44.0,45.44,45.61,44.0,260850,1420701035.01,3.62,2.11,0.94,0.38
2022-12-15,000333,45.45,44.18,46.35,43.8,278043,1498675160.02,5.61,-2.77,-1.26,0.41
2022-12-16,000333,43.83,44.55,44.7,43.32,197450,1058833012.74,3.12,0.84,0.37,0.29
2022-12-19,000333,44.55,44.23,44.93,43.83,160764,864239616.69,2.47,-0.72,-0.32,0.23
2022-12-20,000333,43.55,42.12,43.64,42.1,272454,1417537680.65,3.48,-4.77,-2.11,0.4
2022-12-21,000333,41.84,42.23,43.04,41.84,130742,679672974.13,2.85,0.26,0.11,0.19
2022-12-22,000333,42.49,42.75,43.83,42.32,228123,1199123081.94,3.58,1.23,0.52,0.33
2022-12-23,000333,42.53,42.93,43.7,41.98,163439,860296627.18,4.02,0.42,0.18,0.24
2022-12-26,000333,43.23,42.05,43.43,41.91,153879,795665124.7,3.54,-2.05,-0.88,0.22
2022-12-27,000333,42.34,43.49,43.58,41.96,173391,911438654.31,3.85,3.42,1.44,0.25
2022-12-28,000333,42.98,42.6,43.3,42.45,163229,852152449.39,1.95,-2.05,-0.89,0.24
2022-12-29,000333,42.17,42.28,42.74,41.57,119951,619844870.0,2.75,-0.75,-0.32,0.18
2022-12-30,000333,42.35,42.35,43.05,42.25,127733,665300212.65,1.89,0.17,0.07,0.19
2023-01-03,000333,42.55,42.43,42.78,41.78,163628,846525405.02,2.36,0.19,0.08,0.24
2023-01-04,000333,42.24,44.3,44.38,42.2,261341,1390708574.95,5.14,4.41,1.87,0.38
2023-01-05,000333,44.55,45.46,45.54,44.5,294217,1608128838.06,2.35,2.62,1.16,0.43
2023-01-06,000333,45.52,44.56,45.71,44.46,195001,1058139217.16,2.75,-1.98,-0.9,0.28
2023-01-09,000333,44.65,44.66,45.0,43.95,204277,1101325466.48,2.36,0.22,0.1,0.3
2023-01-10,000333,44.54,44.05,44.95,43.98,154340,829875435.25,2.17,-1.37,-0.61,0.23
2023-01-11,000333,44.0,45.05,45.73,43.95,214610,1171606255.18,4.04,2.27,1.0,0.31
2023-01-12,000333,44.85,45.32,45.55,44.56,145818,797908669.91,2.2,0.6,0.27,0.21
2023-01-13,000333,45.42,46.5,46.55,45.05,265803,1471250757.18,3.31,2.6,1.18,0.39
2023-01-16,000333,46.58,48.25,48.91,46.57,330181,1899010907.45,5.03,3.76,1.75,0.48
2023-01-17,000333,48.24,48.55,48.73,47.7,188114,1087194816.99,2.13,0.62,0.3,0.27
2023-01-18,000333,48.55,48.15,49.05,47.92,130358,751785488.09,2.33,-0.82,-0.4,0.19
2023-01-19,000333,48.01,47.93,48.1,47.25,194679,1110365666.91,1.77,-0.46,-0.22,0.28
2023-01-20,000333,48.01,47.63,48.39,47.51,108608,621198692.31,1.84,-0.63,-0.3,0.16
2023-01-30,000333,47.99,46.2,48.63,46.14,256196,1445902234.07,5.23,-3.0,-1.43,0.37
2023-01-31,000333,45.95,45.75,46.7,45.55,232598,1290578245.2,2.49,-0.97,-0.45,0.34
2023-02-01,000333,45.84,46.05,46.54,45.0,267247,1474820029.11,3.37,0.66,0.3,0.39
2023-02-02,000333,46.0,44.51,46.15,44.17,367678,1990832646.72,4.3,-3.34,-1.54,0.54
2023-02-03,000333,44.25,43.86,44.5,43.41,208300,1109569943.18,2.45,-1.46,-0.65,0.3
2023-02-06,000333,43.36,41.8,43.36,41.63,421857,2172641978.93,3.94,-4.7,-2.06,0.62
2023-02-07,000333,41.91,42.05,42.25,41.65,209009,1075310677.24,1.44,0.6,0.25,0.3
2023-02-08,000333,41.94,41.56,42.05,41.41,191018,976761616.35,1.52,-1.17,-0.49,0.28
2023-02-09,000333,41.35,42.08,42.28,41.04,227383,1167989708.86,2.98,1.25,0.52,0.33
2023-02-10,000333,41.9,42.17,42.3,41.84,139889,720948239.08,1.09,0.21,0.09,0.2
2023-02-13,000333,42.05,42.99,43.13,41.58,306391,1588991528.56,3.68,1.94,0.82,0.45
2023-02-14,000333,43.0,42.76,43.2,42.36,214375,1116499049.93,1.95,-0.54,-0.23,0.31
2023-02-15,000333,42.75,41.9,42.76,41.73,179488,924114015.39,2.41,-2.01,-0.86,0.26
2023-02-16,000333,41.65,41.83,42.3,41.35,216987,1115558778.34,2.27,-0.17,-0.07,0.32
2023-02-17,000333,41.6,41.93,42.05,41.57,158066,811189152.47,1.15,0.24,0.1,0.23
2023-02-20,000333,42.05,43.85,44.24,41.66,383136,2019572888.96,6.15,4.58,1.92,0.56
2023-02-21,000333,43.85,44.09,44.35,43.28,256493,1369820913.57,2.44,0.55,0.24,0.37
2023-02-22,000333,43.55,43.33,43.73,42.96,229115,1208465937.51,1.75,-1.72,-0.76,0.33
2023-02-23,000333,43.34,43.92,44.43,43.34,240107,1283774546.62,2.52,1.36,0.59,0.35
2023-02-24,000333,43.73,43.53,43.94,43.37,169278,898514540.18,1.3,-0.89,-0.39,0.25
2023-02-27,000333,43.15,42.95,43.53,42.41,169471,888727920.68,2.57,-1.33,-0.58,0.25
2023-02-28,000333,42.57,43.01,43.69,42.57,194045,1019960547.49,2.61,0.14,0.06,0.28
2023-03-01,000333,43.06,45.17,45.54,43.06,432975,2350199969.15,5.77,5.02,2.16,0.63
2023-03-02,000333,45.15,45.4,46.23,44.7,255490,1408679946.1,3.39,0.51,0.23,0.37
2023-03-03,000333,45.8,45.75,46.39,45.21,197415,1090871927.34,2.6,0.77,0.35,0.29
2023-03-06,000333,45.39,44.38,45.55,44.36,259357,1403695330.05,2.6,-2.99,-1.37,0.38
2023-03-07,000333,44.39,43.41,44.92,43.25,194738,1041648711.51,3.76,-2.19,-0.97,0.28
2023-03-08,000333,43.2,42.84,43.35,42.62,144948,759112018.2,1.68,-1.31,-0.57,0.21
2023-03-09,000333,42.84,43.25,43.8,42.82,130131,688042449.66,2.29,0.96,0.41,0.19
2023-03-10,000333,42.79,41.7,43.05,41.57,192134,991798893.83,3.42,-3.58,-1.55,0.28
2023-03-13,000333,41.56,42.61,42.79,41.55,194837,1009855801.36,2.97,2.18,0.91,0.28
2023-03-14,000333,42.27,41.7,42.46,41.25,165011,844706514.89,2.84,-2.14,-0.91,0.24
2023-03-15,000333,42.05,41.01,42.18,40.95,209456,1067097770.98,2.95,-1.65,-0.69,0.31
2023-03-16,000333,40.63,40.59,40.94,40.2,121820,610120756.06,1.8,-1.02,-0.42,0.18
2023-03-17,000333,41.05,40.88,41.73,40.61,201231,1018389815.29,2.76,0.71,0.29,0.29
2023-03-20,000333,40.73,40.99,41.68,40.65,163015,826038622.5,2.52,0.27,0.11,0.24
2023-03-21,000333,41.1,42.65,42.69,41.1,231466,1191368462.37,3.88,4.05,1.66,0.34
2023-03-22,000333,42.75,42.25,42.82,41.85,135542,700825341.29,2.27,-0.94,-0.4,0.2
2023-03-23,000333,42.03,42.37,42.55,41.94,123790,641022828.95,1.44,0.28,0.12,0.18
2023-03-24,000333,42.37,42.64,42.72,42.19,132776,689957504.0,1.25,0.64,0.27,0.19
2023-03-27,000333,42.64,42.4,43.01,42.25,127683,663222019.69,1.78,-0.56,-0.24,0.19
2023-03-28,000333,42.25,41.64,42.63,41.61,128679,660858734.15,2.41,-1.79,-0.76,0.19
2023-03-29,000333,41.93,41.95,42.12,41.65,128030,656903324.57,1.13,0.74,0.31,0.19
2023-03-30,000333,41.9,45.02,45.35,41.85,571574,3061435505.47,8.34,7.32,3.07,0.83
2023-03-31,000333,44.66,44.36,45.17,43.91,277888,1500198904.14,2.8,-1.47,-0.66,0.41
2023-04-03,000333,45.55,45.24,45.95,44.75,373915,2056019794.59,2.71,1.98,0.88,0.55
2023-04-04,000333,45.05,45.18,45.27,44.3,179891,975597257.04,2.14,-0.13,-0.06,0.26
2023-04-06,000333,44.97,44.57,45.55,44.3,152435,827518348.18,2.77,-1.35,-0.61,0.22
2023-04-07,000333,44.46,45.23,45.82,44.46,158641,869954355.79,3.05,1.48,0.66,0.23
2023-04-10,000333,44.95,45.31,45.61,44.56,156493,853817627.03,2.32,0.18,0.08,0.23
2023-04-11,000333,44.96,46.39,46.92,44.95,324366,1815026842.84,4.35,2.38,1.08,0.47
2023-04-12,000333,46.39,46.05,47.3,45.95,223025,1251325789.31,2.91,-0.73,-0.34,0.33
2023-04-13,000333,45.6,44.69,45.84,44.69,182595,994810155.19,2.5,-2.95,-1.36,0.27
2023-04-14,000333,44.73,44.49,45.2,44.38,142124,771635251.9,1.83,-0.45,-0.2,0.21
2023-04-17,000333,44.46,45.97,46.13,44.44,262280,1444699532.06,3.8,3.33,1.48,0.38
2023-04-18,000333,45.75,47.33,47.95,45.72,387063,2197663192.06,4.85,2.96,1.36,0.56
2023-04-19,000333,47.33,46.63,47.8,46.6,191887,1084909580.88,2.54,-1.48,-0.7,0.28
2023-04-20,000333,46.73,47.59,48.59,46.73,367949,2114956905.28,3.99,2.06,0.96,0.53
2023-04-21,000333,47.95,47.4,49.15,47.3,398924,2311553652.07,3.89,-0.4,-0.19,0.58
2023-04-24,000333,46.75,47.58,49.3,46.56,339921,1960933653.82,5.78,0.38,0.18,0.49
2023-04-25,000333,47.55,48.2,48.59,46.2,429621,2450369690.61,5.02,1.3,0.62,0.62
2023-04-26,000333,47.57,47.25,47.9,46.52,239342,1357589706.8,2.86,-1.97,-0.95,0.35
2023-04-27,000333,46.72,47.81,48.3,46.72,157771,898336282.72,3.34,1.19,0.56,0.23
2023-04-28,000333,47.8,47.33,47.9,46.76,156906,891005834.71,2.38,-1.0,-0.48,0.23
2023-05-04,000333,47.77,47.13,49.0,46.4,268566,1525949937.48,5.49,-0.42,-0.2,0.39
2023-05-05,000333,46.95,45.88,46.95,44.63,342123,1879206731.19,4.92,-2.65,-1.25,0.5
2023-05-08,000333,45.88,45.56,46.54,45.02,208722,1151128787.42,3.31,-0.7,-0.32,0.3
2023-05-09,000333,45.35,45.35,46.11,44.56,181394,995439011.13,3.4,-0.46,-0.21,0.26
2023-05-10,000333,45.05,45.95,46.55,44.43,174626,965082241.01,4.67,1.32,0.6,0.25
2023-05-11,000333,46.1,46.0,47.27,45.89,126225,706491977.76,3.0,0.11,0.05,0.18
2023-05-12,000333,45.88,46.37,48.04,45.86,165590,935578508.15,4.74,0.8,0.37,0.24
2023-05-15,000333,46.41,47.14,47.29,45.56,140666,786956984.75,3.73,1.66,0.77,0.2
2023-05-16,000333,47.14,45.9,47.79,45.66,136126,760273937.11,4.52,-2.63,-1.24,0.2
2023-05-17,000333,45.77,45.57,46.95,45.36,90763,501402349.7,3.46,-0.72,-0.33,0.13
2023-05-18,000333,45.7,45.55,45.97,45.1,110695,609452710.03,1.91,-0.04,-0.02,0.16
2023-05-19,000333,45.21,46.35,47.41,45.21,203843,1140023138.6,4.83,1.76,0.8,0.3
2023-05-22,000333,46.35,47.26,47.5,46.35,151998,860397294.04,2.48,1.96,0.91,0.22
2023-05-23,000333,47.24,46.5,47.5,46.43,155851,878179041.78,2.26,-1.61,-0.76,0.23
2023-05-24,000333,46.37,44.15,46.44,44.05,266742,1447402650.34,5.14,-5.05,-2.35,0.39
2023-05-25,000333,43.95,44.56,45.04,43.23,171434,923732852.68,4.1,0.93,0.41,0.25
2023-05-26,000333,44.56,44.81,45.0,44.03,111661,602101037.87,2.18,0.56,0.25,0.16
2023-05-29,000333,44.82,44.0,45.24,43.63,174334,936727537.58,3.59,-1.81,-0.81,0.25
2023-05-30,000333,44.0,42.88,44.21,42.34,320846,1678415610.05,4.25,-2.55,-1.12,0.47
2023-05-31,000333,43.14,41.88,43.25,41.65,280650,1445385156.22,3.73,-2.33,-1.0,0.41
2023-06-01,000333,42.07,41.94,42.85,41.58,348935,1711949689.19,3.03,0.14,0.06,0.51
2023-06-02,000333,43.05,44.85,45.15,43.04,499392,2566107482.17,5.03,6.94,2.91,0.73
2023-06-05,000333,45.56,46.99,47.2,44.64,399400,2119331989.14,5.71,4.77,2.14,0.58
2023-06-06,000333,46.99,47.26,48.36,46.1,342618,1866611024.4,4.81,0.57,0.27,0.5
2023-06-07,000333,48.55,48.3,48.82,47.54,369087,2035955381.23,2.71,2.2,1.04,0.54
2023-06-08,000333,48.75,49.94,50.16,48.25,475531,2680031435.61,3.95,3.4,1.64,0.69
2023-06-09,000333,50.55,49.16,50.81,48.82,410652,2319633365.17,3.98,-1.56,-0.78,0.6
2023-06-12,000333,49.17,50.4,50.87,48.75,396210,2256003426.76,4.31,2.52,1.24,0.58
2023-06-13,000333,50.31,49.66,50.82,49.31,248501,1409611781.98,3.0,-1.47,-0.74,0.36
2023-06-14,000333,50.28,50.13,51.03,49.67,360007,2057761143.13,2.74,0.95,0.47,0.52
2023-06-15,000333,50.31,51.05,51.63,50.06,312765,1814552067.08,3.13,1.84,0.92,0.45
2023-06-16,000333,51.45,51.4,52.04,50.45,300061,1745695208.17,3.11,0.69,0.35,0.44
2023-06-19,000333,51.05,49.86,51.19,49.75,289110,1651975820.25,2.8,-3.0,-1.54,0.42
2023-06-20,000333,49.97,50.63,51.97,49.85,243810,1413907765.99,4.25,1.54,0.77,0.35
2023-06-21,000333,51.05,51.33,52.65,50.45,451303,2649838248.05,4.35,1.38,0.7,0.66
2023-06-26,000333,52.88,51.19,53.0,50.85,335581,1957482191.73,4.19,-0.27,-0.14,0.49
2023-06-27,000333,51.27,52.74,53.2,50.93,481237,2851634264.51,4.43,3.03,1.55,0.7
2023-06-28,000333,52.5,52.75,53.57,52.26,327901,1964640593.03,2.48,0.02,0.01,0.48
2023-06-29,000333,52.77,52.19,52.84,51.27,276783,1635162204.39,2.98,-1.06,-0.56,0.4
2023-06-30,000333,52.28,51.97,52.87,51.61,264876,1563113126.59,2.41,-0.42,-0.22,0.38
2023-07-03,000333,51.93,52.11,53.43,51.38,318762,1892919808.14,3.94,0.27,0.14,0.46
2023-07-04,000333,52.33,51.95,52.65,51.17,219446,1290009361.97,2.84,-0.31,-0.16,0.32
2023-07-05,000333,52.14,52.17,52.38,51.47,187016,1103273063.53,1.75,0.42,0.22,0.27
2023-07-06,000333,52.18,51.42,52.8,51.35,169577,995554522.94,2.78,-1.44,-0.75,0.25
2023-07-07,000333,51.09,50.8,51.64,50.25,293796,1698410265.17,2.7,-1.21,-0.62,0.43
2023-07-10,000333,50.87,49.68,50.98,49.09,320860,1818167155.99,3.72,-2.2,-1.12,0.47
2023-07-11,000333,49.85,49.71,50.13,49.45,158028,896629010.33,1.37,0.06,0.03,0.23
2023-07-12,000333,49.95,50.14,51.13,49.45,187815,1079865899.4,3.38,0.87,0.43,0.27
2023-07-13,000333,50.25,50.85,51.37,50.25,169307,978559177.16,2.23,1.42,0.71,0.25
2023-07-14,000333,50.8,50.51,51.32,50.07,105000,603243715.63,2.46,-0.67,-0.34,0.15
2023-07-17,000333,50.25,50.18,50.25,49.35,90425,512387286.53,1.78,-0.65,-0.33,0.13
2023-07-18,000333,50.45,49.79,50.45,48.72,239882,1351665336.24,3.45,-0.78,-0.39,0.35
2023-07-19,000333,49.94,51.18,51.4,49.72,278044,1601948633.66,3.37,2.79,1.39,0.4
2023-07-20,000333,50.95,50.58,51.7,50.49,140516,815686031.1,2.36,-1.17,-0.6,0.2
2023-07-21,000333,50.6,50.18,51.13,50.04,120709,693513021.31,2.16,-0.79,-0.4,0.18
2023-07-24,000333,50.18,49.82,50.41,49.18,115888,657937835.19,2.45,-0.72,-0.36,0.17
2023-07-25,000333,50.91,52.03,52.33,50.85,376481,2216891658.75,2.97,4.44,2.21,0.55
2023-07-26,000333,51.86,51.63,52.59,51.53,187526,1105031413.54,2.04,-0.77,-0.4,0.27
2023-07-27,000333,51.6,51.53,52.17,51.4,151970,893501893.19,1.49,-0.19,-0.1,0.22
2023-07-28,000333,51.75,52.79,52.87,51.16,240041,1424164599.22,3.32,2.45,1.26,0.35
2023-07-31,000333,54.0,52.37,54.35,52.2,325183,1952524582.78,4.07,-0.8,-0.42,0.47
2023-08-01,000333,52.37,51.3,52.74,51.18,204186,1197877268.87,2.98,-2.04,-1.07,0.3
2023-08-02,000333,51.15,51.35,51.87,50.82,235436,1370719586.02,2.05,0.1,0.05,0.34
2023-08-03,000333,51.03,51.03,51.25,50.04,233629,1344124458.18,2.36,-0.62,-0.32,0.34
2023-08-04,000333,51.35,50.97,52.04,50.86,196637,1147020984.84,2.31,-0.12,-0.06,0.29
2023-08-07,000333,50.84,50.93,51.24,50.39,153707,887391728.93,1.67,-0.08,-0.04,0.22
2023-08-08,000333,50.55,50.05,50.6,50.01,136355,779253638.45,1.16,-1.73,-0.88,0.2
2023-08-09,000333,50.24,50.61,50.75,50.09,151434,868904097.46,1.32,1.12,0.56,0.22
2023-08-10,000333,50.26,49.4,50.35,48.55,385305,2159087492.33,3.56,-2.39,-1.21,0.56
2023-08-11,000333,49.34,48.23,49.5,48.19,255333,1419423214.76,2.65,-2.37,-1.17,0.37
2023-08-14,000333,47.55,48.49,48.62,47.33,195167,1073370152.49,2.67,0.54,0.26,0.28
2023-08-15,000333,48.36,48.21,48.61,47.65,163704,901353362.11,1.98,-0.58,-0.28,0.24
2023-08-16,000333,47.85,48.28,48.41,47.41,153587,843256905.36,2.07,0.15,0.07,0.22
2023-08-17,000333,47.95,48.89,48.99,47.58,152165,842880581.35,2.92,1.26,0.61,0.22
2023-08-18,000333,48.83,47.84,48.9,47.68,134638,741138398.99,2.5,-2.15,-1.05,0.2
2023-08-21,000333,47.66,47.43,48.41,47.4,131172,718680500.61,2.11,-0.86,-0.41,0.19
2023-08-22,000333,47.35,47.42,47.73,46.46,230543,1249497364.11,2.68,-0.02,-0.01,0.33
2023-08-23,000333,47.17,46.77,47.71,46.65,157983,854634875.2,2.24,-1.37,-0.65,0.23
2023-08-24,000333,47.04,48.1,48.5,46.55,255836,1398433374.77,4.17,2.84,1.33,0.37
2023-08-25,000333,48.0,48.31,49.04,47.57,164728,907722077.95,3.06,0.44,0.21,0.24
2023-08-28,000333,50.35,49.21,51.03,48.83,288004,1624044691.03,4.55,1.86,0.9,0.42
2023-08-29,000333,48.93,49.1,49.54,48.6,217871,1221870560.32,1.91,-0.22,-0.11,0.32
2023-08-30,000333,49.09,49.87,50.23,48.76,233664,1323189377.16,2.99,1.57,0.77,0.34
2023-08-31,000333,50.35,49.56,50.85,49.53,280838,1596998959.6,2.65,-0.62,-0.31,0.41
2023-09-01,000333,50.05,50.98,51.55,50.04,266506,1541478627.79,3.05,2.87,1.42,0.39
2023-09-04,000333,51.55,51.27,51.85,50.67,200900,1169057319.81,2.31,0.57,0.29,0.29
2023-09-05,000333,51.31,50.83,51.54,50.66,153090,887170819.82,1.72,-0.86,-0.44,0.22
2023-09-06,000333,50.56,50.23,51.05,49.93,208883,1194824717.84,2.2,-1.18,-0.6,0.3
2023-09-07,000333,50.14,49.62,50.17,49.55,136399,774015904.79,1.23,-1.21,-0.61,0.2
2023-09-08,000333,49.79,49.13,49.88,48.86,84002,471931158.26,2.06,-0.99,-0.49,0.12
2023-09-11,000333,49.36,49.48,49.93,49.06,140721,793322668.24,1.77,0.71,0.35,0.2
2023-09-12,000333,49.47,50.26,50.77,49.35,164034,937947088.74,2.87,1.58,0.78,0.24
2023-09-13,000333,50.15,50.05,50.59,49.75,107434,613122120.66,1.67,-0.42,-0.21,0.16
2023-09-14,000333,50.06,49.6,50.31,49.31,102895,581688865.67,2.0,-0.9,-0.45,0.15
2023-09-15,000333,49.69,48.84,49.74,48.35,164512,917665598.7,2.8,-1.53,-0.76,0.24
2023-09-18,000333,48.85,49.15,49.64,48.26,144278,808841172.19,2.83,0.63,0.31,0.21
2023-09-19,000333,49.04,49.1,49.2,48.5,123661,689874974.41,1.42,-0.1,-0.05,0.18
2023-09-20,000333,49.08,49.94,50.29,48.78,213801,1210967114.2,3.08,1.71,0.84,0.31
2023-09-21,000333,49.93,49.37,49.93,49.07,167691,946858135.17,1.72,-1.14,-0.57,0.24
2023-09-22,000333,49.64,50.1,50.16,49.22,221702,1259327922.57,1.9,1.48,0.73,0.32
2023-09-25,000333,49.94,49.68,49.94,49.28,166432,941423312.53,1.32,-0.84,-0.42,0.24
2023-09-26,000333,49.81,49.05,50.25,49.05,189349,1067479335.2,2.42,-1.27,-0.63,0.28
2023-09-27,000333,49.05,49.24,49.71,48.48,188109,1054884218.41,2.51,0.39,0.19,0.27
2023-09-28,000333,49.44,48.53,49.55,48.46,170976,953613283.55,2.21,-1.44,-0.71,0.25
2023-10-09,000333,48.51,48.81,49.16,47.95,286595,1591907095.86,2.49,0.58,0.28,0.42
2023-10-10,000333,48.54,47.82,48.82,47.47,214996,1179223499.87,2.77,-2.03,-0.99,0.31
2023-10-11,000333,47.8,47.82,48.94,47.55,204184,1123573120.53,2.91,0.0,0.0,0.3
2023-10-12,000333,48.05,48.33,48.53,47.66,176042,970427691.71,1.82,1.07,0.51,0.26
2023-10-13,000333,48.24,48.04,48.49,47.58,129960,712981553.98,1.88,-0.6,-0.29,0.19
2023-10-16,000333,47.85,48.13,48.46,47.85,150202,826944834.77,1.27,0.19,0.09,0.22
2023-10-17,000333,48.13,48.93,49.04,48.1,168302,936368372.27,1.95,1.66,0.8,0.24
2023-10-18,000333,48.73,48.52,48.94,48.26,106371,590623193.2,1.39,-0.84,-0.41,0.15
2023-10-19,000333,48.34,47.28,48.34,47.23,201961,1103206369.95,2.29,-2.56,-1.24,0.29
2023-10-20,000333,46.99,46.23,47.11,45.93,210898,1123754128.36,2.5,-2.22,-1.05,0.31
2023-10-23,000333,46.05,46.3,46.68,45.76,168644,897561652.68,1.99,0.15,0.07,0.24
2023-10-24,000333,46.06,46.23,46.54,45.25,250198,1323069265.75,2.79,-0.15,-0.07,0.36
2023-10-25,000333,46.84,45.47,47.06,45.19,258565,1364767551.48,4.04,-1.64,-0.76,0.38
2023-10-26,000333,45.27,45.56,45.77,45.08,151655,794020501.0,1.52,0.2,0.09,0.22
2023-10-27,000333,45.41,46.79,47.05,45.26,253188,1352282942.98,3.93,2.7,1.23,0.37
2023-10-30,000333,46.38,47.55,47.69,46.38,164885,892765169.6,2.8,1.62,0.76,0.24
2023-10-31,000333,47.35,45.97,47.35,45.75,238072,1263696549.7,3.36,-3.32,-1.58,0.35
2023-11-01,000333,45.86,46.06,46.51,45.75,189338,1004719416.43,1.65,0.2,0.09,0.27
2023-11-02,000333,46.05,46.23,47.46,45.86,200855,1072266180.2,3.47,0.37,0.17,0.29
2023-11-03,000333,46.17,45.85,46.4,45.77,177406,939971081.17,1.36,-0.82,-0.38,0.26
2023-11-06,000333,46.05,46.19,46.35,45.75,249182,1322403103.12,1.31,0.74,0.34,0.36
2023-11-07,000333,46.15,46.15,46.33,45.63,188982,999762781.82,1.52,-0.09,-0.04,0.27
2023-11-08,000333,45.7,45.9,46.04,45.56,213857,1128009345.2,1.04,-0.54,-0.25,0.31
2023-11-09,000333,45.93,45.5,46.38,45.4,141469,743811714.14,2.14,-0.87,-0.4,0.21
2023-11-10,000333,45.35,45.75,45.91,45.3,130271,685147777.45,1.34,0.55,0.25,0.19
2023-11-13,000333,45.69,44.11,45.69,43.73,382916,1957444236.36,4.28,-3.58,-1.64,0.56
2023-11-14,000333,44.07,44.14,44.47,43.85,248028,1266466646.11,1.41,0.07,0.03,0.36
2023-11-15,000333,44.49,44.59,44.81,44.0,196363,1010107977.71,1.84,1.02,0.45,0.28
2023-11-16,000333,44.45,44.8,45.24,44.36,216055,1121013154.61,1.97,0.47,0.21,0.31
2023-11-17,000333,44.65,44.91,45.02,44.26,135134,697252679.61,1.7,0.25,0.11,0.2
2023-11-20,000333,44.59,45.48,45.95,44.59,182191,955124720.21,3.03,1.27,0.57,0.26
2023-11-21,000333,45.67,45.5,46.24,45.5,158459,836507593.72,1.63,0.04,0.02,0.23
2023-11-22,000333,45.5,45.2,45.65,44.95,97869,511071755.33,1.54,-0.66,-0.3,0.14
2023-11-23,000333,45.2,45.81,45.98,44.9,101034,529662622.99,2.39,1.35,0.61,0.15
2023-11-24,000333,45.85,45.53,45.9,45.12,157245,822539515.14,1.7,-0.61,-0.28,0.23
2023-11-27,000333,45.48,45.02,45.48,44.8,159225,827425455.6,1.49,-1.12,-0.51,0.23
2023-11-28,000333,45.25,45.58,45.85,44.58,217876,1138681640.65,2.82,1.24,0.56,0.32
2023-11-29,000333,45.58,45.06,45.63,44.77,124265,646048742.16,1.89,-1.14,-0.52,0.18
2023-11-30,000333,44.86,44.72,45.05,44.46,128619,664815260.93,1.31,-0.75,-0.34,0.19
2023-12-01,000333,45.35,43.6,45.41,43.38,316050,1604750726.7,4.54,-2.5,-1.12,0.46
2023-12-04,000333,43.53,43.14,43.84,42.89,220587,1107559873.5,2.18,-1.06,-0.46,0.32
2023-12-05,000333,43.14,42.27,43.24,42.27,225103,1120255577.3,2.25,-2.02,-0.87,0.33
2023-12-06,000333,42.11,42.23,42.7,41.8,191141,942351431.42,2.13,-0.09,-0.04,0.28
2023-12-07,000333,42.41,43.27,43.54,42.27,250219,1251685066.74,3.01,2.46,1.04,0.36
2023-12-08,000333,43.23,43.39,44.13,43.14,218113,1102240031.34,2.29,0.28,0.12,0.32
2023-12-11,000333,42.9,44.07,44.45,42.27,252015,1272635678.21,5.02,1.57,0.68,0.37
2023-12-12,000333,44.55,44.05,44.6,43.77,172048,879672020.1,1.88,-0.05,-0.02,0.25
2023-12-13,000333,43.95,43.74,44.04,43.56,128587,652164458.2,1.09,-0.7,-0.31,0.19
2023-12-14,000333,43.96,43.94,44.52,43.63,165634,847402712.77,2.03,0.46,0.2,0.24
2023-12-15,000333,43.56,43.38,44.15,43.35,204702,1034871741.97,1.82,-1.27,-0.56,0.3
2023-12-18,000333,43.08,44.14,44.23,42.8,223075,1133044739.96,3.3,1.75,0.76,0.32
2023-12-19,000333,44.13,43.8,44.13,43.51,169545,859776399.62,1.4,-0.77,-0.34,0.25
2023-12-20,000333,43.8,44.08,44.45,43.57,254170,1298397555.67,2.01,0.64,0.28,0.37
2023-12-21,000333,44.27,45.07,45.33,43.92,274212,1422425462.34,3.2,2.25,0.99,0.4
2023-12-22,000333,44.96,45.82,46.04,44.75,227281,1194539707.6,2.86,1.66,0.75,0.33
2023-12-25,000333,45.67,45.72,46.3,45.48,113150,598032181.63,1.79,-0.22,-0.1,0.16
2023-12-26,000333,45.67,45.85,46.28,45.58,161523,855413702.78,1.53,0.28,0.13,0.23
2023-12-27,000333,45.83,46.65,46.75,45.77,203069,1081963246.61,2.14,1.74,0.8,0.29
2023-12-28,000333,46.49,47.1,47.21,46.3,247280,1331261037.56,1.95,0.96,0.45,0.36
2023-12-29,000333,47.12,47.68,48.03,46.77,259373,1410074986.81,2.68,1.23,0.58,0.38
2024-01-02,000333,47.68,47.61,48.1,47.25,239057,1305162003.76,1.78,-0.15,-0.07,0.35
2024-01-03,000333,47.64,47.5,47.85,47.15,206897,1126649739.09,1.47,-0.23,-0.11,0.3
2024-01-04,000333,47.71,48.3,48.37,47.5,267025,1467886384.85,1.83,1.68,0.8,0.39
2024-01-05,000333,48.25,48.65,49.13,47.9,300429,1669357551.21,2.55,0.72,0.35,0.44
2024-01-08,000333,48.65,48.05,48.65,47.67,278097,1531117698.75,2.01,-1.23,-0.6,0.4
2024-01-09,000333,47.76,48.22,48.38,47.16,216070,1184711711.55,2.54,0.35,0.17,0.31
2024-01-10,000333,48.22,48.27,48.82,47.89,178208,984854746.1,1.93,0.1,0.05,0.26
2024-01-11,000333,48.27,48.05,48.54,47.78,212369,1168392664.94,1.57,-0.46,-0.22,0.31
2024-01-12,000333,47.95,48.05,48.76,47.63,243611,1343879865.49,2.35,0.0,0.0,0.35
2024-01-15,000333,47.89,48.93,49.03,47.71,191241,1063527118.83,2.75,1.83,0.88,0.28
2024-01-16,000333,48.66,49.97,50.0,48.15,337304,1903147107.14,3.78,2.13,1.04,0.49
2024-01-17,000333,49.68,49.42,50.34,49.42,269141,1530395102.15,1.84,-1.1,-0.55,0.39
2024-01-18,000333,49.84,49.45,50.04,48.13,390231,2175726535.61,3.86,0.06,0.03,0.57
2024-01-19,000333,49.05,49.19,49.65,48.91,299370,1681993909.22,1.5,-0.53,-0.26,0.43
2024-01-22,000333,48.93,48.39,49.71,48.13,359803,2017295148.71,3.21,-1.63,-0.8,0.52
2024-01-23,000333,48.57,49.43,49.74,47.85,288485,1612570165.77,3.91,2.15,1.04,0.42
2024-01-24,000333,49.2,50.24,50.49,49.07,264637,1503303922.9,2.87,1.64,0.81,0.38
2024-01-25,000333,50.35,49.4,50.54,49.29,249636,1412367267.65,2.49,-1.67,-0.84,0.36
2024-01-26,000333,49.4,50.56,50.8,49.4,327457,1874299632.73,2.83,2.35,1.16,0.47
2024-01-29,000333,50.95,51.74,52.53,50.74,374987,2204469369.87,3.54,2.33,1.18,0.54
2024-01-30,000333,51.75,51.27,52.25,51.05,273733,1604993046.2,2.32,-0.91,-0.47,0.4
2024-01-31,000333,50.96,51.3,51.99,50.47,255442,1486711039.1,2.96,0.06,0.03,0.37
2024-02-01,000333,51.28,51.86,52.51,51.05,303402,1785789270.81,2.85,1.09,0.56,0.44
2024-02-02,000333,51.55,51.3,51.93,50.36,289505,1687829336.99,3.03,-1.08,-0.56,0.42
2024-02-05,000333,51.05,52.5,52.65,50.87,461603,2724269122.18,3.47,2.34,1.2,0.67
2024-02-06,000333,52.31,53.0,53.84,52.07,379464,2279549237.76,3.37,0.95,0.5,0.55
2024-02-07,000333,52.34,54.16,54.22,52.08,461959,2791586567.03,4.04,2.19,1.16,0.68
2024-02-08,000333,54.34,53.34,55.41,53.03,347232,2112587867.05,4.39,-1.51,-0.82,0.51
2024-02-19,000333,54.75,53.65,54.75,52.86,356959,2157379733.25,3.54,0.58,0.31,0.52
2024-02-20,000333,53.35,54.75,54.84,52.72,296309,1807531882.32,3.95,2.05,1.1,0.43
2024-02-21,000333,54.05,54.76,55.6,53.73,277972,1719403865.94,3.42,0.02,0.01,0.41
2024-02-22,000333,54.26,54.4,54.84,54.08,192591,1180530929.52,1.39,-0.66,-0.36,0.28
2024-02-23,000333,54.73,52.67,55.15,52.37,430936,2580957128.97,5.11,-3.18,-1.73,0.63
2024-02-26,000333,52.9,53.35,54.55,52.9,340977,2070387072.2,3.13,1.29,0.68,0.5
2024-02-27,000333,53.64,54.97,55.04,53.15,280148,1720508594.65,3.54,3.04,1.62,0.41
2024-02-28,000333,55.05,54.87,55.36,54.0,253674,1568616988.79,2.47,-0.18,-0.1,0.37
2024-02-29,000333,55.05,55.68,56.53,54.8,489210,3071855395.62,3.15,1.48,0.81,0.72
2024-03-01,000333,56.55,57.52,57.56,55.93,328449,2102800960.25,2.93,3.3,1.84,0.48
2024-03-04,000333,58.05,57.65,59.05,56.55,373844,2415284580.13,4.35,0.23,0.13,0.55
2024-03-05,000333,57.7,58.09,58.45,56.5,355253,2288367736.34,3.38,0.76,0.44,0.52
2024-03-06,000333,57.95,57.56,58.58,57.35,219230,1422222516.43,2.12,-0.91,-0.53,0.32
2024-03-07,000333,57.5,58.85,59.7,57.25,306340,2020641414.39,4.26,2.24,1.29,0.45
2024-03-08,000333,58.92,59.15,59.54,57.93,261254,1714883400.95,2.74,0.51,0.3,0.38
2024-03-11,000333,59.14,58.47,59.15,57.61,280270,1826293591.58,2.6,-1.15,-0.68,0.41
2024-03-12,000333,58.4,57.18,58.4,56.1,507399,3241294650.71,3.93,-2.21,-1.29,0.74
2024-03-13,000333,56.71,57.12,57.38,56.05,327232,2084900581.88,2.33,-0.1,-0.06,0.48
2024-03-14,000333,56.91,57.55,57.8,56.65,315317,2026233407.14,2.01,0.75,0.43,0.46
2024-03-15,000333,57.44,57.07,57.55,56.35,254639,1624685427.44,2.09,-0.83,-0.48,0.37
2024-03-18,000333,56.93,55.41,56.94,55.4,425011,2667915013.67,2.7,-2.91,-1.66,0.62
2024-03-19,000333,55.25,55.65,56.17,55.22,297946,1867932283.73,1.71,0.43,0.24,0.44
2024-03-20,000333,55.25,54.93,55.55,54.45,377909,2337851554.39,1.98,-1.29,-0.72,0.55
2024-03-21,000333,54.96,53.6,55.09,53.18,391892,2377326996.2,3.48,-2.42,-1.33,0.57
2024-03-22,000333,53.61,55.67,55.7,53.55,431568,2671677604.67,4.01,3.86,2.07,0.63
2024-03-25,000333,55.24,55.95,56.71,54.83,269033,1694247611.48,3.38,0.5,0.28,0.39
2024-03-26,000333,55.36,55.77,56.3,55.36,253537,1591428438.39,1.68,-0.32,-0.18,0.37
2024-03-27,000333,55.58,56.72,57.93,55.56,348428,2227887825.25,4.25,1.7,0.95,0.51
2024-03-28,000333,57.28,57.63,58.44,56.23,451854,2915943394.08,3.9,1.6,0.91,0.66
2024-03-29,000333,57.63,57.27,58.78,56.71,254689,1638381689.95,3.59,-0.62,-0.36,0.37
2024-04-01,000333,57.55,59.27,59.33,57.15,327712,2146737286.06,3.81,3.49,2.0,0.48
2024-04-02,000333,59.05,59.3,59.58,58.8,226536,1497277780.33,1.32,0.05,0.03,0.33
2024-04-03,000333,59.25,59.78,59.95,59.03,206265,1370613982.65,1.55,0.81,0.48,0.3
2024-04-08,000333,59.77,58.37,59.9,57.72,324345,2125546168.65,3.65,-2.36,-1.41,0.47
2024-04-09,000333,58.05,58.09,58.65,57.87,194783,1270147986.31,1.34,-0.48,-0.28,0.28
2024-04-10,000333,57.92,58.22,59.25,57.61,180820,1184377719.41,2.82,0.22,0.13,0.26
2024-04-11,000333,58.0,58.12,59.0,57.66,190048,1239842457.97,2.3,-0.17,-0.1,0.28
2024-04-12,000333,58.04,57.94,58.65,57.63,217344,1414407755.38,1.75,-0.31,-0.18,0.32
2024-04-15,000333,57.94,59.89,60.05,57.76,317837,2102897320.7,3.95,3.37,1.95,0.46
2024-04-16,000333,59.83,61.36,61.82,59.62,391914,2659237097.09,3.67,2.45,1.47,0.57
2024-04-17,000333,61.05,61.63,61.85,60.03,245496,1664966380.0,2.97,0.44,0.27,0.36
2024-04-18,000333,61.63,63.05,64.38,61.43,395421,2777734456.54,4.79,2.3,1.42,0.58
2024-04-19,000333,62.48,63.05,63.63,62.48,288123,2017233099.5,1.82,0.0,0.0,0.42
2024-04-22,000333,63.25,63.03,64.24,62.55,289438,2032072605.39,2.68,-0.03,-0.02,0.42
2024-04-23,000333,62.88,61.44,63.05,60.64,382179,2605557574.87,3.82,-2.52,-1.59,0.56
2024-04-24,000333,61.39,60.95,61.69,59.8,307830,2079963045.53,3.08,-0.8,-0.49,0.45
2024-04-25,000333,60.18,61.29,61.61,60.18,220333,1500859467.9,2.35,0.56,0.34,0.32
2024-04-26,000333,61.3,61.42,61.7,60.47,242257,1650078937.5,2.01,0.21,0.13,0.35
2024-04-29,000333,61.35,61.25,61.93,60.28,332264,2264197665.48,2.69,-0.28,-0.17,0.49
2024-04-30,000333,59.89,62.83,64.2,59.85,571318,3988190597.55,7.1,2.58,1.58,0.84
2024-05-06,000333,63.55,64.06,64.51,62.7,461799,3263609833.49,2.88,1.96,1.23,0.67
2024-05-07,000333,63.86,64.15,65.38,63.67,304315,2176139138.45,2.67,0.14,0.09,0.44
2024-05-08,000333,63.55,63.8,64.39,63.44,176620,1252248295.46,1.48,-0.55,-0.35,0.26
2024-05-09,000333,64.05,64.9,65.39,63.67,285718,2046734809.61,2.7,1.72,1.1,0.42
2024-05-10,000333,65.25,64.93,65.38,64.39,224879,1616063316.04,1.53,0.05,0.03,0.33
2024-05-13,000333,64.93,65.76,66.04,63.75,271674,1965130432.85,3.53,1.28,0.83,0.4
2024-05-14,000333,65.73,63.89,65.94,63.25,399236,2827063811.33,4.09,-2.84,-1.87,0.58
2024-05-15,000333,64.53,65.79,66.13,64.14,301895,2090761785.82,3.11,2.97,1.9,0.44
2024-05-16,000333,65.79,65.37,65.83,64.83,246004,1703048548.24,1.52,-0.64,-0.42,0.36
2024-05-17,000333,64.81,64.06,65.53,62.55,418483,2828611122.66,4.56,-2.0,-1.31,0.61
2024-05-20,000333,63.04,62.6,63.91,62.24,426430,2846862348.52,2.61,-2.28,-1.46,0.62
2024-05-21,000333,62.3,62.58,63.33,62.23,243588,1626841822.28,1.76,-0.03,-0.02,0.36
2024-05-22,000333,62.37,61.44,62.57,61.34,261052,1715205331.79,1.97,-1.82,-1.14,0.38
2024-05-23,000333,61.43,61.77,62.22,61.03,240961,1582459055.38,1.94,0.54,0.33,0.35
2024-05-24,000333,61.43,62.65,63.01,61.13,259270,1724580966.82,3.04,1.42,0.88,0.38
2024-05-27,000333,62.53,63.62,64.31,61.57,305462,2062139516.42,4.37,1.55,0.97,0.45
2024-05-28,000333,63.63,63.06,63.81,62.53,191737,1284865352.19,2.01,-0.88,-0.56,0.28
2024-05-29,000333,62.63,61.88,63.23,61.53,241321,1590410760.91,2.7,-1.87,-1.18,0.35
2024-05-30,000333,61.74,61.21,62.22,61.17,193586,1269509292.14,1.7,-1.08,-0.67,0.28
2024-05-31,000333,61.22,60.79,61.6,60.58,261294,1696172930.47,1.67,-0.69,-0.42,0.38
2024-06-03,000333,60.91,61.05,62.33,60.3,357556,2337233616.39,3.34,0.43,0.26,0.52
2024-06-04,000333,61.02,60.71,61.02,59.43,306212,1969401516.25,2.6,-0.56,-0.34,0.45
2024-06-05,000333,60.58,59.95,61.23,59.83,283319,1825603149.54,2.31,-1.25,-0.76,0.41
2024-06-06,000333,59.83,61.79,62.06,59.83,436037,2848032776.87,3.72,3.07,1.84,0.64
2024-06-07,000333,61.23,61.19,61.48,59.74,400646,2591739293.28,2.82,-0.97,-0.6,0.59
2024-06-11,000333,60.53,61.03,62.53,60.21,336897,2188026771.58,3.79,-0.26,-0.16,0.49
2024-06-12,000333,60.87,61.19,61.77,60.56,257072,1675974671.31,1.98,0.26,0.16,0.38
2024-06-13,000333,61.34,59.95,61.48,59.69,274850,1763239543.63,2.93,-2.03,-1.24,0.4
2024-06-14,000333,59.54,61.64,61.79,59.53,379244,2468107111.36,3.77,2.82,1.69,0.55
2024-06-17,000333,61.79,60.56,61.79,60.21,253358,1639603938.51,2.56,-1.75,-1.08,0.37
2024-06-18,000333,60.33,60.87,61.22,59.7,218675,1409611739.3,2.51,0.51,0.31,0.32
2024-06-19,000333,60.8,60.03,61.11,58.83,347000,2206055297.91,3.75,-1.38,-0.84,0.51
2024-06-20,000333,59.93,60.5,60.78,59.57,280858,1806800937.96,2.02,0.78,0.47,0.41
2024-06-21,000333,60.52,59.98,60.78,59.53,241537,1544527731.0,2.07,-0.86,-0.52,0.35
2024-06-24,000333,59.74,60.91,61.58,59.64,307991,1993977958.31,3.23,1.55,0.93,0.45
2024-06-25,000333,60.88,61.32,61.82,60.55,253092,1652171355.94,2.09,0.67,0.41,0.37
2024-06-26,000333,61.04,60.28,61.42,59.94,238314,1531598024.31,2.41,-1.7,-1.04,0.35
2024-06-27,000333,60.08,60.13,60.51,59.5,274095,1750926675.09,1.68,-0.25,-0.15,0.4
2024-06-28,000333,59.53,60.53,60.82,59.51,251956,1624767678.92,2.18,0.67,0.4,0.37
2024-07-01,000333,60.32,60.12,61.41,59.63,195283,1255074545.11,2.94,-0.68,-0.41,0.29
2024-07-02,000333,59.73,59.03,60.23,58.83,291813,1843585721.5,2.33,-1.81,-1.09,0.43
2024-07-03,000333,59.08,59.06,59.71,58.77,181208,1145370115.46,1.59,0.05,0.03,0.26
2024-07-04,000333,59.23,60.63,61.23,59.23,277531,1794060145.67,3.39,2.66,1.57,0.41
2024-07-05,000333,60.53,60.03,61.18,59.03,264796,1686503681.35,3.55,-0.99,-0.6,0.39
2024-07-08,000333,59.63,60.26,60.75,59.2,194436,1247645531.39,2.58,0.38,0.23,0.28
2024-07-09,000333,59.84,60.13,60.7,59.65,216645,1392889371.6,1.74,-0.22,-0.13,0.32
2024-07-10,000333,60.57,59.84,61.09,59.84,158469,1016718370.02,2.08,-0.48,-0.29,0.23
2024-07-11,000333,59.88,59.93,60.48,58.55,271827,1727208383.05,3.23,0.15,0.09,0.4
2024-07-12,000333,59.82,61.03,61.23,59.67,245741,1588658353.04,2.6,1.84,1.1,0.36
2024-07-15,000333,60.81,60.97,61.19,60.39,170459,1104204268.83,1.31,-0.1,-0.06,0.25
2024-07-16,000333,60.66,60.3,60.99,59.78,204068,1313240364.46,1.98,-1.1,-0.67,0.3
2024-07-17,000333,60.07,58.86,60.41,57.69,464628,2909157024.47,4.51,-2.39,-1.44,0.68
2024-07-18,000333,58.04,59.93,60.49,58.04,345325,2193053870.99,4.16,1.82,1.07,0.5
2024-07-19,000333,59.39,59.63,59.81,58.92,217970,1381064607.73,1.49,-0.5,-0.3,0.32
2024-07-22,000333,59.48,59.66,60.67,59.35,199303,1273643438.97,2.21,0.05,0.03,0.29
2024-07-23,000333,59.66,58.41,59.82,58.41,185378,1165932039.58,2.36,-2.1,-1.25,0.27
2024-07-24,000333,58.04,56.11,58.75,55.67,455473,2757887293.78,5.27,-3.94,-2.3,0.66
2024-07-25,000333,55.55,55.43,56.12,54.93,301092,1787253321.67,2.12,-1.21,-0.68,0.44
2024-07-26,000333,58.86,58.87,59.02,57.43,577402,3598947643.17,2.87,6.21,3.44,0.84
2024-07-29,000333,58.33,58.91,59.24,58.19,207128,1297587354.92,1.78,0.07,0.04,0.3
2024-07-30,000333,58.54,57.09,58.8,56.63,225758,1381015833.58,3.68,-3.09,-1.82,0.33
2024-07-31,000333,56.76,59.79,59.89,56.76,401747,2530147580.33,5.48,4.73,2.7,0.58
2024-08-01,000333,59.83,59.61,60.7,59.44,244068,1561027258.87,2.11,-0.3,-0.18,0.36
2024-08-02,000333,59.33,59.02,60.31,58.6,202615,1280021474.21,2.87,-0.99,-0.59,0.29
2024-08-05,000333,58.57,57.68,60.33,57.59,354768,2214817314.94,4.64,-2.27,-1.34,0.52
2024-08-06,000333,57.64,55.95,58.29,55.55,384932,2316733894.54,4.75,-3.0,-1.73,0.56
2024-08-07,000333,55.95,56.73,57.41,55.27,252986,1535238304.11,3.82,1.39,0.78,0.37
2024-08-08,000333,56.45,56.99,57.51,56.24,142319,867672449.72,2.24,0.46,0.26,0.21
2024-08-09,000333,56.88,56.53,57.73,56.36,138024,839905714.13,2.4,-0.81,-0.46,0.2
2024-08-12,000333,56.53,57.41,58.17,56.34,169492,1042597208.29,3.24,1.56,0.88,0.25
2024-08-13,000333,57.41,57.39,58.14,56.95,98351,602892300.35,2.07,-0.03,-0.02,0.14
2024-08-14,000333,57.39,56.93,57.52,56.63,112278,685993302.42,1.55,-0.8,-0.46,0.16
2024-08-15,000333,56.73,57.03,57.38,56.32,191633,1166672167.23,1.86,0.18,0.1,0.28
2024-08-16,000333,56.84,57.77,57.93,56.7,180670,1112521867.42,2.16,1.3,0.74,0.26
2024-08-19,000333,57.72,58.39,59.18,57.7,172753,1075574307.68,2.56,1.07,0.62,0.25
2024-08-20,000333,59.51,59.05,59.52,57.79,257810,1623775566.71,2.96,1.13,0.66,0.38
2024-08-21,000333,58.74,59.19,59.73,58.36,211871,1337959064.9,2.32,0.24,0.14,0.31
2024-08-22,000333,59.16,60.12,60.52,58.75,249787,1597113182.76,2.99,1.57,0.93,0.36
2024-08-23,000333,60.03,61.49,61.99,59.91,290471,1895805009.03,3.46,2.28,1.37,0.42
2024-08-26,000333,61.97,62.35,62.68,60.93,339582,2241141518.03,2.85,1.4,0.86,0.49
2024-08-27,000333,62.03,62.02,62.51,61.52,241138,1590912374.36,1.59,-0.53,-0.33,0.35
2024-08-28,000333,62.01,60.96,62.18,60.6,265430,1726057217.45,2.55,-1.71,-1.06,0.39
2024-08-29,000333,60.45,59.98,61.34,59.98,232856,1500197087.68,2.23,-1.61,-0.98,0.34
2024-08-30,000333,59.51,60.78,61.84,59.41,333863,2160911497.6,4.05,1.33,0.8,0.49
2024-09-02,000333,60.53,61.26,62.55,60.47,260759,1706301995.39,3.42,0.79,0.48,0.38
2024-09-03,000333,61.04,62.0,62.51,61.03,242379,1599193263.61,2.42,1.21,0.74,0.35
2024-09-04,000333,61.89,61.51,62.73,61.39,274996,1814975103.89,2.16,-0.79,-0.49,0.4
2024-09-05,000333,60.98,59.62,61.43,59.51,432123,2763225151.25,3.12,-3.07,-1.89,0.63
2024-09-06,000333,59.63,59.05,60.58,58.93,233202,1480652836.88,2.77,-0.96,-0.57,0.34
2024-09-09,000333,57.38,57.12,58.23,56.71,548406,3359451099.87,2.57,-3.27,-1.93,0.8
2024-09-10,000333,56.51,56.78,57.67,56.51,401110,2451075854.19,2.03,-0.6,-0.34,0.58
2024-09-11,000333,56.55,57.69,58.11,55.73,419218,2572399327.67,4.19,1.6,0.91,0.61
2024-09-12,000333,57.83,58.4,58.88,57.69,276169,1719561913.22,2.06,1.23,0.71,0.4
2024-09-13,000333,58.08,59.54,59.81,57.62,321490,2037679478.15,3.75,1.95,1.14,0.47
2024-09-18,000333,59.65,61.28,61.74,59.43,295026,1915513518.34,3.88,2.92,1.74,0.43
2024-09-19,000333,58.33,61.31,61.76,58.33,476115,3085181571.34,5.6,0.05,0.03,0.69
2024-09-20,000333,60.94,62.09,62.33,60.79,398013,2608979308.88,2.51,1.27,0.78,0.58
2024-09-23,000333,62.49,63.63,63.92,62.23,391621,2643088027.57,2.72,2.48,1.54,0.57
2024-09-24,000333,63.63,64.07,64.28,62.23,500902,3378454556.7,3.22,0.69,0.44,0.73
2024-09-25,000333,64.24,66.14,67.53,64.24,627661,4428074584.01,5.14,3.23,2.07,0.91
2024-09-26,000333,66.03,69.59,69.71,65.82,501342,3592524657.67,5.88,5.22,3.45,0.73
2024-09-27,000333,70.78,69.03,72.43,67.18,857448,6253333702.45,7.54,-0.8,-0.56,1.25
2024-09-30,000333,69.19,72.09,72.93,68.06,1251665,9344041944.34,7.05,4.43,3.06,1.82
2024-10-08,000333,79.7,76.22,79.7,74.76,1352393,11050056032.18,6.85,5.73,4.13,1.97
2024-10-09,000333,74.43,71.04,75.35,70.05,895501,6896386875.18,6.95,-6.8,-5.18,1.3
2024-10-10,000333,71.98,74.33,75.41,71.9,673034,5259062088.47,4.94,4.63,3.29,0.98
2024-10-11,000333,74.03,72.8,74.26,71.93,380602,2930030641.54,3.13,-2.06,-1.53,0.55
2024-10-14,000333,73.06,75.03,75.32,72.63,462828,3620244781.88,3.7,3.06,2.23,0.67
2024-10-15,000333,75.03,72.03,75.03,72.03,375833,2905639305.57,4.0,-4.0,-3.0,0.55
2024-10-16,000333,70.73,71.27,71.53,69.76,342829,2559503194.01,2.46,-1.06,-0.76,0.5
2024-10-17,000333,71.27,69.11,71.56,68.93,394376,2920853670.08,3.69,-3.03,-2.16,0.57
2024-10-18,000333,69.11,71.04,72.23,68.68,427851,3180240269.81,5.14,2.79,1.93,0.62
2024-10-21,000333,71.38,70.11,72.01,69.31,343229,2547898012.75,3.8,-1.31,-0.93,0.5
2024-10-22,000333,70.38,72.53,72.99,70.17,404060,3073890030.71,4.02,3.45,2.42,0.59
2024-10-23,000333,72.63,72.41,73.81,72.03,268313,2053544727.99,2.45,-0.17,-0.12,0.39
2024-10-24,000333,72.14,71.67,72.49,71.33,171087,1296926991.93,1.6,-1.02,-0.74,0.25
2024-10-25,000333,71.45,71.3,71.89,70.8,210573,1583775153.44,1.52,-0.52,-0.37,0.31
2024-10-28,000333,71.52,70.9,71.61,70.04,280591,2091524793.84,2.2,-0.56,-0.4,0.41
2024-10-29,000333,70.64,70.1,71.53,69.83,297272,2214621305.67,2.4,-1.13,-0.8,0.43
2024-10-30,000333,69.73,68.78,70.38,68.15,404137,2939634795.63,3.18,-1.88,-1.32,0.59
2024-10-31,000333,69.0,67.45,69.72,67.13,500469,3595551676.88,3.77,-1.93,-1.33,0.73
2024-11-01,000333,67.47,68.28,69.03,66.41,416515,3009423819.46,3.88,1.23,0.83,0.6
2024-11-04,000333,68.17,68.87,69.4,67.73,232316,1680407655.69,2.45,0.86,0.59,0.34
2024-11-05,000333,68.53,69.16,69.51,67.24,416967,3027068197.26,3.3,0.42,0.29,0.61
2024-11-06,000333,69.17,67.2,69.17,67.0,525931,3768679119.04,3.14,-2.83,-1.96,0.76
2024-11-07,000333,66.38,68.13,68.13,65.92,547746,3895318880.85,3.29,1.38,0.93,0.8
2024-11-08,000333,68.69,68.61,69.79,67.13,593374,4283549293.36,3.9,0.7,0.48,0.86
2024-11-11,000333,67.26,67.63,67.87,66.85,442079,3153791633.71,1.49,-1.43,-0.98,0.64
2024-11-12,000333,67.94,68.42,70.92,67.82,575477,4231304808.85,4.58,1.17,0.79,0.84
2024-11-13,000333,68.51,69.43,70.33,68.49,458417,3373337470.71,2.69,1.48,1.01,0.67
2024-11-14,000333,69.51,69.67,70.92,68.36,408435,3020822981.14,3.69,0.35,0.24,0.59
2024-11-15,000333,69.18,68.28,70.14,67.88,342825,2496870646.85,3.24,-2.0,-1.39,0.5
2024-11-18,000333,68.2,67.08,69.01,66.86,319386,2292938836.9,3.15,-1.76,-1.2,0.46
2024-11-19,000333,67.08,67.34,67.78,66.73,226652,1614053712.02,1.57,0.39,0.26,0.33
2024-11-20,000333,67.41,67.46,67.68,66.77,226371,1610809493.06,1.35,0.18,0.12,0.33
2024-11-21,000333,67.4,66.87,67.42,66.58,216528,1534662636.12,1.25,-0.87,-0.59,0.31
2024-11-22,000333,66.86,66.42,68.85,66.25,388458,2781161792.35,3.89,-0.67,-0.45,0.56
2024-11-25,000333,66.14,66.42,68.41,66.14,385868,2737579008.59,3.42,0.0,0.0,0.56
2024-11-26,000333,66.14,66.63,67.23,65.38,274188,1932586725.12,2.79,0.32,0.21,0.4
2024-11-27,000333,66.35,67.35,67.53,65.77,264825,1875798199.28,2.64,1.08,0.72,0.38
2024-11-28,000333,68.03,66.22,68.03,65.79,323290,2275593420.15,3.33,-1.68,-1.13,0.47
2024-11-29,000333,65.71,66.16,66.8,65.58,277501,1951115163.8,1.84,-0.09,-0.06,0.4
2024-12-02,000333,66.18,66.11,66.56,65.26,357906,2500096040.21,1.96,-0.08,-0.05,0.52
2024-12-03,000333,66.03,65.88,66.03,65.43,313174,2181594388.43,0.91,-0.35,-0.23,0.45
2024-12-04,000333,65.91,67.52,68.02,65.63,531955,3779094533.98,3.63,2.49,1.64,0.77
2024-12-05,000333,67.63,67.75,68.91,67.45,367645,2647263413.02,2.16,0.34,0.23,0.53
2024-12-06,000333,67.81,68.88,69.16,67.54,456778,3318584661.91,2.39,1.67,1.13,0.66
2024-12-09,000333,68.04,69.16,69.91,67.34,413219,3017126124.02,3.73,0.41,0.28,0.6
2024-12-10,000333,72.54,69.87,72.69,69.82,555133,4164810150.88,4.15,1.03,0.71,0.81
2024-12-11,000333,69.73,71.13,71.36,69.63,335434,2512587262.97,2.48,1.8,1.26,0.49
2024-12-12,000333,71.23,71.59,71.78,70.4,286398,2153602253.55,1.94,0.65,0.46,0.42
2024-12-13,000333,71.23,70.03,71.26,69.36,370633,2744782532.14,2.65,-2.18,-1.56,0.54
2024-12-16,000333,70.13,69.25,70.48,68.68,280471,2054964896.14,2.57,-1.11,-0.78,0.41
2024-12-17,000333,69.23,69.7,70.71,68.84,278873,2058385954.76,2.7,0.65,0.45,0.4
2024-12-18,000333,69.69,70.13,70.61,69.61,225785,1675256402.93,1.43,0.62,0.43,0.33
2024-12-19,000333,69.89,70.47,71.26,69.27,253553,1893593091.94,2.84,0.48,0.34,0.37
2024-12-20,000333,70.46,70.03,70.82,69.69,209397,1552494957.15,1.6,-0.62,-0.44,0.3
2024-12-23,000333,70.03,70.64,71.28,69.98,226029,1689849270.18,1.86,0.87,0.61,0.33
2024-12-24,000333,70.43,72.28,72.41,70.43,344141,2606513925.53,2.8,2.32,1.64,0.5
2024-12-25,000333,72.33,71.57,72.63,71.07,227339,1719267175.72,2.16,-0.98,-0.71,0.33
2024-12-26,000333,71.29,72.01,72.27,70.68,242143,1829497500.46,2.22,0.61,0.44,0.35
2024-12-27,000333,72.01,71.45,72.08,70.83,198421,1493951285.98,1.74,-0.78,-0.56,0.29
2024-12-30,000333,71.03,71.35,72.21,70.95,221827,1676164968.7,1.76,-0.14,-0.1,0.32
2024-12-31,000333,71.13,71.25,72.08,70.72,307660,2324365540.7,1.91,-0.14,-0.1,0.45
